KazaName,kazcode,Sanjak,sancode,Vilayet,vilcode,Muslims_Female,Muslims_Male,Greeks_Female,Greeks_Male,Armenians_Female,Armenians_Male,Bulgarians_Female,Bulgarians_Male,Catholics_Female,Catholics_Male,Jews_Female,Jews_Male,Protestants_Female,Protestants_Male,Latins_Female,Latins_Male,Monophysites_Female,Monophysites_Male,NonMuslimGypsies_Female,NonMuslimGypsies_Male,ForeignCitizens_Female,ForeignCitizens_Male,Total_Muslim,Total_Christian,Total_NonMuslim,Total_Armenian,Christian_Muslim_Ratio,Armenian_Muslim_Ratio,ArmenianShare,ChristianShare,Total_Female,Total_Male,GrandTotal,Source,SanjakCenter
Adana Central Kaza,1-1-1,Adana,1-1,Adana,1,26709.0,31340.0,712.0,893.0,4336.0,5276.0,,,306.0,342.0,,,304.0,332.0,,,39.0,76.0,,,,,58049.0,12616,12616,9612,0.21733363193164396,0.1655842477906596,0.1360220759923583,0.17853251255925848,32406.0,38259.0,70665.0,1881 Census,1
Karaisali Kaza,1-1-2,Adana,1-1,Adana,1,10090.0,11505.0,,,20.0,19.0,,,,,,,,,,,,,,,,,21595.0,39,39,39,0.0018059736050011577,0.0018059736050011577,0.001802717943977073,0.001802717943977073,10110.0,11524.0,21634.0,1881 Census,0
Mersin Kaza,1-1-3,Adana,1-1,Adana,1,9707.0,10030.0,505.0,697.0,121.0,309.0,,,131.0,166.0,,,,,,,,,,,,,19737.0,1929,1929,430,0.09773521811825506,0.02178649237472767,0.019846764515831256,0.08903350872334534,10464.0,11202.0,21666.0,1881 Census,0
Tarsus Kaza,1-1-4,Adana,1-1,Adana,1,19023.0,20839.0,281.0,365.0,470.0,704.0,,,139.0,156.0,,,94.0,88.0,,,,,,,,,39862.0,2297,2297,1174,0.0576238021173047,0.02945160804776479,0.02782056446835233,0.05443256949216806,20007.0,22192.0,42199.0,1881 Census,0
(Osmaniye) Barpuz Kaza,1-4-1,Cebelibereket,1-4,Adana,1,1432.0,1588.0,,,147.0,210.0,,,,,,,,,,,,,,,,,3020.0,357,357,357,0.11821192052980133,0.11821192052980133,0.1057151317737637,0.1057151317737637,1579.0,1798.0,3377.0,1881 Census,1
Bulanik (Bahçe) Kaza,1-4-2,Cebelibereket,1-4,Adana,1,4251.0,4496.0,,,911.0,1122.0,,,,,,,140.0,144.0,,,,,,,,,8747.0,2317,2317,2033,0.2648908197096147,0.23242254487252773,0.18374909616775126,0.20941793203181489,5302.0,5762.0,11064.0,1881 Census,0
Hassa Kaza,1-4-3,Cebelibereket,1-4,Adana,1,2923.0,4157.0,14.0,11.0,136.0,154.0,,,69.0,81.0,,,58.0,72.0,,,,,,,,,7080.0,595,595,290,0.08403954802259887,0.04096045197740113,0.03778501628664495,0.07752442996742671,3200.0,4975.0,7675.0,1881 Census,0
İslahiye Kaza,1-4-4,Cebelibereket,1-4,Adana,1,3819.0,4536.0,,,118.0,175.0,,,,,,,,,,,,,,,,,8355.0,293,293,293,0.0350688210652304,0.0350688210652304,0.033880666049953746,0.033880666049953746,3937.0,4711.0,8648.0,1881 Census,0
Osmaniye Kaza,1-4-5,Cebelibereket,1-4,Adana,1,3634.0,4129.0,,,39.0,61.0,,,,,,,,,,,,,,,,,7763.0,100,100,100,0.012881617931212161,0.012881617931212161,0.012717792191275595,0.012717792191275595,3673.0,4190.0,7863.0,1881 Census,0
Payas Kaza,1-4-6,Cebelibereket,1-4,Adana,1,6266.0,6941.0,55.0,70.0,1655.0,1843.0,,,,,,,,,,,,,,,,,13207.0,3623,3623,3498,0.274324222003483,0.26485954418111607,0.20784313725490197,0.21527035056446822,7976.0,8854.0,16830.0,1881 Census,0
Anamur Kaza,1-3-1,İçel,1-3,Adana,1,10674.0,11883.0,145.0,185.0,,,,,,,,,,,,,,,,,,,22557.0,330,330,0,0.014629605000664982,0.0,0.0,0.0032863288718929253,49872.0,50544.0,100416.0,1881 Census,0
Ermenek Kaza,1-3-2,İçel,1-3,Adana,1,12309.0,11723.0,,3.0,21.0,35.0,,,,,,,,,,,,,,,,,24032.0,59,59,56,0.0024550599201065247,0.002330226364846871,0.0033785822021116137,0.003559577677224736,8251.0,8324.0,16575.0,1881 Census,0
Gülnar Kaza,1-3-3,İçel,1-3,Adana,1,8128.0,8175.0,114.0,136.0,9.0,9.0,,,,4.0,,,,,,,,,,,,,16303.0,272,272,18,0.016684045881126174,0.0011040912715451145,0.0007864726700747149,0.011884475903351248,10819.0,12068.0,22887.0,1881 Census,0
Mut Kaza,1-3-4,İçel,1-3,Adana,1,5979.0,5993.0,7.0,24.0,,,,,,,,,,,,,,,,,,,11972.0,31,31,0,0.002589375208820581,0.0,0.0,0.0012867875970279357,12330.0,11761.0,24091.0,1881 Census,0
Silifke Kaza,1-3-5,İçel,1-3,Adana,1,12058.0,11770.0,378.0,523.0,45.0,68.0,,,5.0,13.0,,,,,,,,,,,,,23828.0,1032,1032,113,0.043310391136478096,0.004742319959711264,0.009414313088394568,0.08597850537365659,5986.0,6017.0,12003.0,1881 Census,1
Feke Kaza,1-2-1,Kozan,1-2,Adana,1,4497.0,5299.0,544.0,600.0,821.0,1015.0,,,,,,,59.0,84.0,,,,,,,,,9796.0,3123,3123,1836,0.31880359330338914,0.1874234381380155,0.1421162628686431,0.2417369765461723,5921.0,6998.0,12919.0,1881 Census,0
Kadirli Kaza,1-2-2,Kozan,1-2,Adana,1,6665.0,7444.0,,,351.0,369.0,,,,,,,,,,,,,,,,,14109.0,720,720,720,0.05103125664469488,0.05103125664469488,0.04855351001416144,0.04855351001416144,7016.0,7813.0,14829.0,1881 Census,0
Kozan Kaza,1-2-3,Kozan,1-2,Adana,1,8679.0,9659.0,,,6645.0,7381.0,,,27.0,29.0,,,42.0,45.0,,,,,,,,,18338.0,14169,14169,14026,0.7726578689060967,0.7648598538553822,0.4314762974128649,0.4358753499246316,15393.0,17114.0,32507.0,1881 Census,1
Sayimbeyli (Haçin) Kaza,1-2-4,Kozan,1-2,Adana,1,6141.0,6885.0,,,4907.0,5297.0,,,73.0,72.0,,,331.0,351.0,,,,,,,,,13026.0,11031,11031,10204,0.8468447719944726,0.7833563641946876,0.4241592883568192,0.45853597705449556,11452.0,12605.0,24057.0,1881 Census,0
Ankara Central Kaza,6-1-1,Ankara,6-1,Ankara,6,8686.0,8532.0,843.0,794.0,376.0,349.0,,,2846.0,2733.0,225.0,188.0,7.0,6.0,,,,,,,,,17218.0,7954,8367,725,0.4619584156115693,0.04210709722383552,0.028325844891580385,0.31076382105880057,12983.0,12602.0,25595.0,1881 Census,1
Ayaş Kaza,6-1-2,Ankara,6-1,Ankara,6,10852.0,10933.0,,2.0,2.0,9.0,,,,9.0,,2.0,109.0,127.0,,,,,,,,,21785.0,258,260,11,0.01184301124627037,0.0005049345880192793,0.0005043789261314136,0.011829978449264065,10854.0,10955.0,21809.0,1881 Census,0
Bâlâ Kaza,6-1-3,Ankara,6-1,Ankara,6,11316.0,11556.0,,,,,,,,,,,,,,,,,,,,,22872.0,0,0,0,0.0,0.0,0.0,0.0,11316.0,11556.0,22872.0,1881 Census,0
Beypazarı Kaza,6-1-4,Ankara,6-1,Ankara,6,8327.0,7924.0,,,,,,,,,,,,,,,,,,,,,16251.0,0,0,0,0.0,0.0,0.0,0.0,8237.0,7924.0,16251.0,1881 Census,0
Çubuk Kaza,6-1-5,Ankara,6-1,Ankara,6,9236.0,8518.0,,,,,,,,,,,,,,,,,,,,,17754.0,0,0,0,0.0,0.0,0.0,0.0,9236.0,8518.0,17754.0,1881 Census,0
Haymana Kaza,6-1-6,Ankara,6-1,Ankara,6,11945.0,13383.0,11.0,12.0,2.0,3.0,,,,,,,,,,,,,,,,,25328.0,28,28,5,0.0011054958938723942,0.00019740998104864183,0.0001971919861176842,0.0011042751222590313,11958.0,13398.0,25356.0,1881 Census,0
Kalecik Kaza,6-1-7,Ankara,6-1,Ankara,6,17226.0,17550.0,,,227.0,252.0,,,,,,,,,,,,,,,,,34776.0,479,479,479,0.0137738670347366,0.0137738670347366,0.013585569232514607,0.013585569232514607,317453.0,17805.0,35258.0,1881 Census,0
Kuyucak Kaza,6-1-8,Ankara,6-1,Ankara,6,9340.0,9189.0,,,,,,,,,,,,,,,,,,,,,18529.0,0,0,0,0.0,0.0,0.0,0.0,9340.0,9189.0,18529.0,1881 Census,0
Nallihan Kaza,6-1-9,Ankara,6-1,Ankara,6,7516.0,7354.0,,,403.0,424.0,,,,,,,,,,,,,,,,,14870.0,827,827,827,0.055615332885003366,0.055615332885003366,0.052685226476396764,0.052685226476396764,7919.0,7778.0,15697.0,1881 Census,0
Sivrihisar Kaza,6-1-10,Ankara,6-1,Ankara,6,14048.0,12284.0,,,1848.0,1803.0,,,,,,,,,,,,,,,,,26332.0,3651,3651,3651,0.13865259000455718,0.13865259000455718,0.121769002434713,0.121769002434713,15896.0,14087.0,29983.0,1881 Census,0
Yabanabat Kaza,6-1-11,Ankara,6-1,Ankara,6,22643.0,22302.0,,,,,,,,,,,,,,,,,,,,,44945.0,0,0,0,0.0,0.0,0.0,0.0,22643.0,22302.0,44945.0,1881 Census,0
Zir Kaza,6-1-12,Ankara,6-1,Ankara,6,7310.0,7014.0,,,1118.0,1096.0,,,,,,,,,,,,,,,,,14324.0,2214,2214,2214,0.15456576375314157,0.15456576375314157,0.13198998449982116,0.13198998449982116,8537.0,8237.0,16774.0,1881 Census,0
Develi Kaza,6-2-1,Kayseri,6-2,Ankara,6,10746.0,11032.0,886.0,935.0,5241.0,5605.0,,,,,,,120.0,118.0,,,,,,,,,21778.0,12905,12905,10846,0.5925704839746533,0.4980255303517311,0.31271804630510625,0.3720843064325462,16993.0,17690.0,34683.0,1881 Census,0
İncesu Kaza,6-2-2,Kayseri,6-2,Ankara,6,6575.0,6841.0,2356.0,2312.0,,23.0,,,,,,,,,,,,,,,,,13416.0,4691,4691,23,0.34965712581991654,0.001714370900417412,0.0012702269840393218,0.259071077483846,8931.0,9176.0,18107.0,1881 Census,0
Kayseri Central Kaza,6-2-3,Kayseri,6-2,Ankara,6,42140.0,43023.0,9196.0,9210.0,12178.0,12772.0,,,380.0,335.0,,,664.0,651.0,,,,,,,,,85163.0,45386,45386,24950,0.532930967673755,0.2929676033019034,0.1911159794406698,0.3476549035228152,64558.0,65991.0,130549.0,1881 Census,1
Avanos Kaza,6-4-1,Kirşehir,6-4,Ankara,6,8357.0,9613.0,,,241.0,151.0,,,,,,,,,,,,,,,,,17970.0,392,392,392,0.0218141346688926,0.0218141346688926,0.021348436989434703,0.021348436989434703,8598.0,9764.0,18362.0,1881 Census,0
Ciçekdağo (Mecidiye) Kaza,6-4-2,Kirşehir,6-4,Ankara,6,5055.0,5745.0,,,,,,,,,,,,,,,,,,,,,10800.0,0,0,0,0.0,0.0,0.0,0.0,5055.0,5745.0,10800.0,1881 Census,0
Keskin,6-4-3,Kirşehir,6-4,Ankara,6,19465.0,20014.0,362.0,410.0,161.0,161.0,,,,,,,14.0,12.0,,,,,,,,,39479.0,1120,1120,322,0.02836951290559538,0.008156234960358671,0.007931229833247124,0.027586886376511736,20002.0,20597.0,40599.0,1881 Census,0
Kirşehir Central Kaza,6-4-4,Kirşehir,6-4,Ankara,6,25692.0,27907.0,15.0,23.0,318.0,390.0,,,,,,,,,,,,,,,,,53599.0,746,746,708,0.013918170115114087,0.013209201664210152,0.01302787744962738,0.013727113809918116,26025.0,28320.0,54345.0,1881 Census,1
Boğazlıyan Kaza,6-3-1,Yozgat,6-3,Ankara,6,16091.0,17359.0,218.0,270.0,4076.0,4770.0,,,,,,,18.0,25.0,,,,,,,,,33450.0,9377,9377,8846,0.2803288490284006,0.26445440956651717,0.206551941532211,0.21895066196558247,20403.0,22424.0,42827.0,1881 Census,0
Çorum Kaza,6-3-2,Yozgat,6-3,Ankara,6,23830.0,24551.0,45.0,101.0,200.0,297.0,,,,,,,16.0,17.0,,,,,,,,,48381.0,676,676,497,0.01397242719249292,0.010272627684421571,0.010131072018264468,0.013779888700898954,24091.0,24966.0,49057.0,1881 Census,0
Maden (Akdağmadeni) Kaza,6-3-3,Yozgat,6-3,Ankara,6,13713.0,13971.0,2677.0,2677.0,767.0,925.0,,,,,,,,,,,,,,,,,27684.0,7046,7046,1692,0.25451524346192744,0.0611183355006502,0.049123214493090234,0.20456392985715946,17157.0,17287.0,34444.0,1881 Census,0
Sungurlu Kaza,6-3-4,Yozgat,6-3,Ankara,6,30156.0,33789.0,333.0,357.0,1367.0,1476.0,,,,,,,66.0,63.0,,,,,,,,,63945.0,3662,3662,2843,0.05726796465712722,0.04446008288372821,0.04205185853535876,0.054165988728977765,31922.0,35685.0,67607.0,1881 Census,0
Yozgat Central Kaza,6-3-5,Yozgat,6-3,Ankara,6,22239.0,22878.0,564.0,592.0,4134.0,4325.0,,,,,,,111.0,96.0,,,,,,,,,45117.0,9822,9822,8459,0.21770064498969346,0.18749030299000377,0.15397076757858716,0.1787801015671927,27048.0,27891.0,54939.0,1881 Census,1
Aydın Central Kaza,9-3-1,Aydın,9-3,Aydin,9,30399.0,31815.0,2585.0,3058.0,124.0,132.0,,,80.0,58.0,941.0,954.0,,,,,,,,,,,62214.0,6037,7932,256,0.09703603690487672,0.004114829459607163,0.003649530978245374,0.08606335357682547,34139.0,36017.0,70146.0,1881 Census,1
Bozdoğan Kaza,9-3-2,Aydın,9-3,Aydin,9,13808.0,13887.0,16.0,50.0,5.0,3.0,,,,,6.0,5.0,,,,,,,,,,,27695.0,74,85,8,0.0026719624480953242,0.0002888608051994945,0.00028797696184305253,0.002663786897048236,13835.0,13945.0,27780.0,1881 Census,0
Çine Kaza,9-3-3,Aydın,9-3,Aydin,9,12809.0,12443.0,159.0,131.0,,,,,,,,,,,,,,,,,,,25252.0,290,290,0,0.011484238872168541,0.0,0.0,0.011353848563150888,12968.0,12574.0,25542.0,1881 Census,0
Nazilli Kaza,9-3-4,Aydın,9-3,Aydin,9,30141.0,29815.0,959.0,1069.0,149.0,152.0,,,,,100.0,95.0,,,,,,,,,,,59956.0,2329,2524,301,0.03884515311228234,0.005020348255387284,0.004817541613316261,0.03727592829705506,31349.0,31131.0,62480.0,1881 Census,0
Söke Kaza,9-3-5,Aydın,9-3,Aydin,9,6919.0,7195.0,4019.0,4156.0,25.0,34.0,,,,,,,,,,,,,,,,,14114.0,8234,8234,59,0.583392376363894,0.004180246563695622,0.002640057275818865,0.3684446035439413,10963.0,11385.0,22348.0,1881 Census,0
Buldan Kaza,9-5-1,Denizli,9-5,Aydin,9,12660.0,12855.0,,4.0,,,,,,,,,,,,,,,,,,,25515.0,4,4,0,0.0001567705271408975,0.0,0.0,0.00015675209655929148,12660.0,12859.0,25518.0,1881 Census,0
Çal Kaza,9-5-2,Denizli,9-5,Aydin,9,21335.0,20823.0,18.0,139.0,,,,1.0,,,,,,,,,,,,,,,42158.0,158,158,0,0.0037478058731438874,0.0,0.0,0.0037338122695906987,21353.0,20963.0,42316.0,1881 Census,0
Denizli Central Kaza,9-5-3,Denizli,9-5,Aydin,9,16902.0,16512.0,856.0,902.0,250.0,251.0,,1.0,,,,,,,,,,,,,8.0,15.0,33414.0,2260,2260,501,0.06763632010534507,0.01499371520919375,0.014034792839734432,0.06331064235089784,18016.0,17681.0,35697.0,1881 Census,1
Garbikaraağac (Acıpayam) Kaza,9-5-4,Denizli,9-5,Aydin,9,18459.0,19058.0,,,,,,,,,,,,,,,,,,,,,37517.0,0,0,0,0.0,0.0,0.0,0.0,18459.0,19058.0,37517.0,1881 Census,0
Saray Kaza,9-5-5,Denizli,9-5,Aydin,9,8680.0,9325.0,271.0,343.0,,,,,,,,,,,,,,,,,,,18005.0,614,614,0,0.0341016384337684,0.0,0.0,0.033155137966412875,8951.0,9568.0,18519.0,1881 Census,0
Tavas Kaza,9-5-6,Denizli,9-5,Aydin,9,26430.0,26466.0,1.0,28.0,,,,,,,,,,,,,,,,,,,52896.0,29,29,0,0.0005482456140350877,0.0,0.0,0.0005377839592025962,26431.0,26494.0,53925.0,1881 Census,0
Bayındır Kaza,9-1-1,Izmir,9-1,Aydin,9,8840.0,9052.0,1439.0,1690.0,87.0,90.0,,1.0,,,18.0,13.0,14.0,11.0,,,,,,,,,17892.0,3332,3363,177,0.18622848200312989,0.009892689470154259,0.008327452364149612,0.1567631145612797,10398.0,10857.0,21255.0,1881 Census,0
Bergama Kaza,9-1-2,Izmir,9-1,Aydin,9,25574.0,28230.0,4676.0,5574.0,399.0,410.0,116.0,142.0,,,252.0,243.0,,,,,,,,,24.0,52.0,53804.0,11317,11812,809,0.21033752137387554,0.015036056798751023,0.012315045972112281,0.1722736406259514,31041.0,34651.0,65692.0,1881 Census,0
Çeşme Kaza,9-1-3,Izmir,9-1,Aydin,9,1770.0,1907.0,12981.0,13845.0,,,,,,,54.0,69.0,,,,,,,,,33.0,43.0,3677.0,26826,26949,0,7.295621430514006,0.0,0.0,0.8737541528239202,14838.0,15864.0,30702.0,1881 Census,0
Foçateyn (Foça) Kaza,9-1-4,Izmir,9-1,Aydin,9,1703.0,2059.0,5023.0,5573.0,13.0,34.0,1.0,45.0,,,53.0,44.0,,,,,,,,,1374.0,1399.0,3762.0,10689,10786,47,2.8413078149920254,0.012493354598617756,0.002713469199237919,0.6171121759713643,8167.0,9154.0,17321.0,1881 Census,0
Izmir Central Kaza,9-1-5,Izmir,9-1,Aydin,9,34566.0,44722.0,24028.0,29058.0,3151.0,3659.0,,20.0,372.0,365.0,7175.0,7734.0,63.0,65.0,464.0,586.0,,,,,26295.0,25225.0,79288.0,61831,76740,6810,0.7798279689234184,0.08588941580062556,0.032811686935070444,0.2979118083527666,96114.0,111434.0,207548.0,1881 Census,1
Kuşadası Kaza,9-1-6,Izmir,9-1,Aydin,9,4296.0,4526.0,3179.0,2942.0,45.0,42.0,,17.0,,,,,,,,,,,,,,,8822.0,6225,6225,87,0.7056223078666969,0.009861709362956246,0.005781883431913338,0.4137037283179371,7520.0,7527.0,15047.0,1881 Census,0
Menemen Kaza,9-1-7,Izmir,9-1,Aydin,9,6869.0,7661.0,2209.0,2213.0,49.0,57.0,,,,,128.0,101.0,,,,,,,,,30.0,50.0,14530.0,4528,4757,106,0.3116311080523056,0.00729525120440468,0.005473227655289926,0.23379976248257345,9285.0,10082.0,19367.0,1881 Census,0
Ödemiş Kaza,9-1-8,Izmir,9-1,Aydin,9,26833.0,26984.0,1773.0,1937.0,512.0,581.0,,,,,,,,,,,,,,,,,53817.0,4803,4803,1093,0.08924689224594459,0.020309567608748164,0.018626448534423995,0.08185071574642126,29118.0,29562.0,58680.0,1881 Census,0
Seferhisar Kaza,9-1-9,Izmir,9-1,Aydin,9,2779.0,2842.0,632.0,660.0,2.0,6.0,,,,,,,,,,,,,,,,,5621.0,1300,1300,8,0.23127557374132718,0.0014232342999466287,0.0011559023262534315,0.18783412801618263,3413.0,3508.0,6921.0,1881 Census,0
Tire Kaza,9-1-10,Izmir,9-1,Aydin,9,15183.0,15118.0,1075.0,1190.0,5.0,7.0,19.0,31.0,,,514.0,515.0,,,,,,,,,,,30301.0,2327,3356,12,0.0767961453417379,0.0003960265337777631,0.0003565380158659417,0.06913866357667053,16796.0,16861.0,33657.0,1881 Census,0
Urla Kaza,9-1-11,Izmir,9-1,Aydin,9,3973.0,4143.0,5919.0,6135.0,7.0,9.0,,,,,143.0,140.0,,,,,,,,,,,8116.0,12070,12353,16,1.4871858058156728,0.001971414489896501,0.0007817080320500293,0.5897009966777409,10427.0,10041.0,20468.0,1881 Census,0
Bodrum Kaza,9-4-1,Menteşe,9-4,Aydin,9,5732.0,5819.0,1112.0,1133.0,,,,,,,45.0,37.0,,,,,,,,,,,11551.0,2245,2327,0,0.19435546705912907,0.0,0.0,0.16169691731489486,6892.0,6992.0,13884.0,1881 Census,0
Köyceğiz Kaza,9-4-2,Menteşe,9-4,Aydin,9,10466.0,10585.0,135.0,113.0,,,2.0,32.0,,,,15.0,,,,,,,,,,,21051.0,282,297,0,0.013396038192959954,0.0,0.0,0.013209668353007308,10603.0,10745.0,21348.0,1881 Census,0
Marmaris Kaza,9-4-3,Menteşe,9-4,Aydin,9,6221.0,6114.0,304.0,330.0,,,,,,,,18.0,,,,,,,,,,,12335.0,634,652,0,0.05139845966761249,0.0,0.0,0.04881804881804882,6525.0,6462.0,12987.0,1881 Census,0
Meğri (Fethiye) Kaza,9-4-4,Menteşe,9-4,Aydin,9,10174.0,10696.0,1938.0,2110.0,,,,,,,10.0,16.0,,,,,,,,,,,20870.0,4048,4074,0,0.1939626257786296,0.0,0.0,0.16228351507376523,12122.0,12822.0,24944.0,1881 Census,0
Milas Kaza,9-4-5,Menteşe,9-4,Aydin,9,13522.0,13466.0,833.0,1012.0,,,,,,,168.0,188.0,,,,,,,,,3.0,3.0,26988.0,1845,2201,0,0.06836371720764785,0.0,0.0,0.06298648095043015,14376.0,14716.0,29292.0,1881 Census,0
Muğla Kaza,9-4-6,Menteşe,9-4,Aydin,9,21135.0,21277.0,545.0,607.0,,,,,,,2.0,1.0,,,,,,,,,53.0,50.0,42412.0,1152,1155,0,0.027162123927190418,0.0,0.0,0.026442031813069526,21682.0,21885.0,43567.0,1881 Census,1
Akhisar Kaza,9-2-1,Saruhan,9-2,Aydin,9,11607.0,12403.0,2389.0,2287.0,168.0,181.0,,,,,85.0,95.0,,,,,,,,,,,24010.0,5025,5205,349,0.20928779675135362,0.01453561016243232,0.011945918192709225,0.17200068457983914,14249.0,14966.0,29215.0,1881 Census,0
Alaşehir Kaza,9-2-2,Saruhan,9-2,Aydin,9,12414.0,13324.0,1265.0,1275.0,7.0,11.0,,,,,12.0,15.0,,,,,,,,,,,25738.0,2558,2585,18,0.09938612168777683,0.0006993550392415883,0.0007555723460521345,0.10737522562229777,13698.0,14625.0,23823.0,1881 Census,0
Demirci Kaza,9-2-3,Saruhan,9-2,Aydin,9,16415.0,17266.0,17.0,72.0,1.0,5.0,,,,,,,,,,,,,,,,3.0,33681.0,95,95,6,0.00282058133665865,0.00017814197915738843,0.00017762515172148376,0.0028123982355901596,16433.0,17346.0,33779.0,1881 Census,0
Eşme Kaza,9-2-4,Saruhan,9-2,Aydin,9,8586.0,9341.0,,,,,,,,,,,,,,,,,,,,,17927.0,0,0,0,0.0,0.0,0.0,0.0,8586.0,9341.0,17927.0,1881 Census,0
Gördes Kaza,9-2-5,Saruhan,9-2,Aydin,9,15426.0,15394.0,310.0,314.0,,,,,,,,,,,,,,,,,,,30820.0,624,624,0,0.020246593121349774,0.0,0.0,0.01984480346011958,15736.0,15708.0,31444.0,1881 Census,0
Kasaba (Turgutlu) Kaza,9-2-6,Saruhan,9-2,Aydin,9,10320.0,11074.0,1343.0,1511.0,230.0,250.0,,,,,340.0,391.0,,,,,,,,,,,21394.0,3334,4065,480,0.15583808544451716,0.02243619706459755,0.01885384343454181,0.13095565418908833,12233.0,13226.0,25459.0,1881 Census,0
Kirkağaç Kaza,9-2-7,Saruhan,9-2,Aydin,9,8396.0,8336.0,1306.0,1296.0,390.0,380.0,,,,,34.0,40.0,,,,,,,,,66.0,83.0,16732.0,3372,3446,770,0.20153000239062874,0.04601960315562993,0.037880651350420624,0.16588773552417965,10192.0,10135.0,20327.0,1881 Census,0
Kula Kaza,9-2-8,Saruhan,9-2,Aydin,9,12612.0,13355.0,1556.0,1588.0,,,,,,,,,,,,,,,,,,,25967.0,3144,3144,0,0.12107675126121616,0.0,0.0,0.1080004122153138,14168.0,14943.0,29111.0,1881 Census,0
Manisa Kaza,9-2-9,Saruhan,9-2,Aydin,9,33557.0,34629.0,7130.0,8268.0,1102.0,1125.0,,,,,652.0,693.0,,,,,,,,,122.0,813.0,68186.0,17625,18970,2227,0.2584841463056933,0.0326606634793066,0.025280675664937396,0.20007719290279372,42563.0,45528.0,88091.0,1881 Census,1
Salihli Kaza,9-2-10,Saruhan,9-2,Aydin,9,11313.0,12396.0,280.0,385.0,,,,,,,,,,,,,,,,,,,23709.0,665,665,0,0.028048420431059935,0.0,0.0,0.027283170591614014,11593.0,12781.0,24374.0,1881 Census,0
Soma Kaza,9-2-11,Saruhan,9-2,Aydin,9,8872.0,8814.0,613.0,606.0,,,,,,,,,,,,,,,,,,,17686.0,1219,1219,0,0.06892457310867353,0.0,0.0,0.06448029621793176,9485.0,9420.0,18905.0,1881 Census,0
Ahlat Kaza,13-1-1,Bitlis,13-1,Bitlis,13,3409.0,3739.0,,,2974.0,3466.0,,,,,,,66.0,68.0,,,,,,,,,7148.0,6574,6574,6440,0.9196978175713486,0.9009513150531617,0.4693193412039061,0.4790846815333042,,,13722.0,1892 Salnamesi,0
Bitlis Kaza,13-1-2,Bitlis,13-1,Bitlis,13,11922.0,15751.0,,,6437.0,8880.0,,,60.0,70.0,,,291.0,356.0,,,,,,,,,27673.0,16094,16094,15317,0.5815777111263687,0.5534998012503162,0.3499668700162223,0.3677199716681518,,,43767.0,1892 Salnamesi,1
Hizan Kaza,13-1-3,Bitlis,13-1,Bitlis,13,3511.0,4753.0,,,2380.0,3340.0,,,,,,,,,,,,,,,,,8264.0,5720,5720,5720,0.6921587608906099,0.6921587608906099,0.40903890160183065,0.40903890160183065,,,13984.0,1892 Salnamesi,0
Mutki Kaza,13-1-4,Bitlis,13-1,Bitlis,13,1449.0,1732.0,,,879.0,1133.0,,,,,,,,,,,,,,,,,3181.0,2012,2012,2012,0.6325055014146495,0.6325055014146495,0.38744463701136145,0.38744463701136145,,,5193.0,1892 Salnamesi,0
Capakcur,13-4-1,Genc,13-4,Bitlis,13,4085.0,5002.0,,,369.0,429.0,,,,,,,,,,,,,,,,,9087.0,798,798,798,0.08781776163750413,0.08781776163750413,0.08072837632776934,0.08072837632776934,,,9885.0,1892 Salnamesi,0
Genc Kaza,13-4-2,Genc,13-4,Bitlis,13,7311.0,11859.0,,,802.0,1103.0,,,,,,,,,,,,,,,,,19170.0,1905,1905,1905,0.09937402190923318,0.09937402190923318,0.0903914590747331,0.0903914590747331,,,21075.0,1892 Salnamesi,1
Kulp Kaza,13-4-3,Genc,13-4,Bitlis,13,3285.0,3828.0,,,1325.0,1555.0,,,,,,,,,,,,,,,,,7113.0,2880,2880,2880,0.4048924504428511,0.4048924504428511,0.2882017412188532,0.2882017412188532,,,9993.0,1892 Salnamesi,0
Bulanik Kaza,13-3-1,Mus,13-3,Bitlis,13,3620.0,4847.0,,,7442.0,9447.0,,,,,,,,,,,,,,,,,8467.0,16889,16889,16889,1.9946852486122593,1.9946852486122593,0.6660750907083136,0.6660750907083136,,,25356.0,1892 Salnamesi,0
Malazgirt Kaza,13-3-2,Mus,13-3,Bitlis,13,4899.0,5167.0,,,2059.0,2524.0,,,,,,,,,,,,,,,,,10066.0,4583,4583,4583,0.45529505265249354,0.45529505265249354,0.3128541197351355,0.3128541197351355,,,14649.0,1892 Salnamesi,0
Mus Kaza,13-3-3,Mus,13-3,Bitlis,13,9795.0,11451.0,,,13742.0,18649.0,,,1089.0,1360.0,,,187.0,301.0,,,,,,,,,21246.0,35328,35328,32391,1.6628071166337193,1.524569330697543,0.5725421571746738,0.6244564641001167,,,56574.0,1892 Salnamesi,1
Sason Kaza,13-3-4,Mus,13-3,Bitlis,13,5543.0,7805.0,,,1570.0,1617.0,,,,,,,,,,,,,,,,,13348.0,3187,3187,3187,0.2387623614024573,0.2387623614024573,0.19274266706985183,0.19274266706985183,,,16535.0,1892 Salnamesi,0
Varto Kaza,13-3-5,Mus,13-3,Bitlis,13,4715.0,5976.0,,,498.0,726.0,,,,,,,,,,,,,,,,,10691.0,1224,1224,1224,0.11448882237395941,0.11448882237395941,0.10272765421737307,0.10272765421737307,,,11915.0,1892 Salnamesi,0
Eruh Kaza,13-2-1,Siirt,13-2,Bitlis,13,6531.0,7958.0,,,701.0,967.0,,,,,,,,,,,75.0,72.0,,,,,14489.0,1815,1815,1668,0.12526744426806544,0.11512181655048657,0.10230618253189401,0.11132237487733071,,,16304.0,1892 Salnamesi,0
Garzan Kaza,13-2-2,Siirt,13-2,Bitlis,13,5844.0,6552.0,,,1712.0,1846.0,,,186.0,166.0,,,75.0,74.0,,,389.0,405.0,,,,,12396.0,4853,4853,3558,0.3914972571797354,0.28702807357212,0.20627282741028466,0.2813496434575917,,,17249.0,1892 Salnamesi,0
Pervari Kaza,13-2-3,Siirt,13-2,Bitlis,13,1770.0,2090.0,,,500.0,585.0,,,,,,,,,,,,,,,,,3860.0,1085,1085,1085,0.2810880829015544,0.2810880829015544,0.21941354903943378,0.21941354903943378,,,4945.0,1892 Salnamesi,0
Siirt Kaza,13-2-4,Siirt,13-2,Bitlis,13,7714.0,7608.0,,,974.0,958.0,,,208.0,270.0,,,123.0,133.0,,,141.0,175.0,,,,,15322.0,2982,2982,1932,0.194622111995823,0.12609319932123744,0.1055506993006993,0.1629152097902098,,,18304.0,1892 Salnamesi,1
Sirvan Kaza,13-2-5,Siirt,13-2,Bitlis,13,5938.0,7482.0,,,332.0,428.0,,,,,,,,,,,625.0,813.0,,,,,13420.0,2198,2198,760,0.16378539493293592,0.05663189269746647,0.04866180048661801,0.14073504930208733,,,15618.0,1892 Salnamesi,0
Afyon Central Kaza ,16-4-1,Afyonkarahisari (Karahisar-i Sahip),16-4,Bursa (Hüdavendigar),16,38405.0,38274.0,,,2615.0,2699.0,,,,,,,,,,,,,,,,,76679.0,5314,5314,5314,0.06930189491255755,0.06930189491255755,0.06481041064481115,0.06481041064481115,41020.0,40973.0,81993.0,1881 Census,1
Bolvadin Kaza,16-4-2,Afyonkarahisari (Karahisar-i Sahip),16-4,Bursa (Hüdavendigar),16,15779.0,16212.0,,,,,,,,,,,,,,,,,,,,,31991.0,0,0,0,0.0,0.0,0.0,0.0,15779.0,16212.0,31991.0,1881 Census,0
Emirdağ (Aziziye) Kaza,16-4-3,Afyonkarahisari (Karahisar-i Sahip),16-4,Bursa (Hüdavendigar),16,11542.0,12022.0,3.0,6.0,23.0,35.0,,1.0,,,,,,,,,,,,,,,23564.0,68,68,58,0.0028857579358343237,0.0024613817687998644,0.0024542992552471225,0.002877454299255247,11568.0,12064.0,23632.0,1881 Census,0
Sandikli Kaza,16-4-4,Afyonkarahisari (Karahisar-i Sahip),16-4,Bursa (Hüdavendigar),16,36592.0,36713.0,25.0,69.0,36.0,42.0,,,,,,,,,,,,,,,,,73305.0,172,172,78,0.002346361094059068,0.001064047472887252,0.001061556677599793,0.0023408685711174926,36653.0,36824.0,73477.0,1881 Census,0
Bursa Kaza,16-1-1,Bursa,16-1,Bursa (Hüdavendigar),16,44641.0,45022.0,10702.0,10584.0,3232.0,2594.0,,22.0,357.0,293.0,1281.0,1303.0,145.0,151.0,5.0,7.0,,,,,533.0,718.0,89663.0,28092,30676,5826,0.31330649208703704,0.0649766347322753,0.04791512459906242,0.2310387367382186,60896.0,60694.0,121590.0,1881 Census,1
Gemlik Kaza,16-1-2,Bursa,16-1,Bursa (Hüdavendigar),16,7403.0,7937.0,3120.0,3455.0,7810.0,8813.0,,,,,,,37.0,34.0,,,,,,,97.0,116.0,15340.0,23269,23269,16623,1.516883963494133,1.0836375488917862,0.42818504971407967,0.5993766421101437,18467.0,20355.0,38822.0,1881 Census,0
Kirmasti (M. Kemalpaşa),16-1-3,Bursa,16-1,Bursa (Hüdavendigar),16,19128.0,21000.0,514.0,540.0,404.0,409.0,,,,,,,,,,,,,,,,,40128.0,1867,1867,813,0.046526116427432214,0.020260167464114832,0.019359447553280153,0.0444576735325634,20046.0,21949.0,41995.0,1881 Census,0
"Mihaliç ,, (Karacabey)",16-1-4,Bursa,16-1,Bursa (Hüdavendigar),16,9421.0,10681.0,3436.0,3830.0,377.0,377.0,,,,,38.0,49.0,25.0,23.0,,,,,,,2.0,4.0,20102.0,8068,8155,754,0.40135309919411005,0.03750870560143269,0.026677988890068286,0.28546155751335667,13299.0,14964.0,28263.0,1881 Census,0
Mudanya Kaza,16-1-5,Bursa,16-1,Bursa (Hüdavendigar),16,2348.0,2543.0,5631.0,6161.0,,,,,,,,,,,,,,,,,,,4891.0,11792,11792,0,2.410958904109589,0.0,0.0,0.7068273092369478,7979.0,8704.0,16683.0,1881 Census,0
Orhaneli (Adranos) Kaza,16-1-6,Bursa,16-1,Bursa (Hüdavendigar),16,19290.0,19139.0,,,,,,,,,,,,,,,,,,,,,38429.0,0,0,0,0.0,0.0,0.0,0.0,19290.0,19139.0,38429.0,1881 Census,0
Bilecik Kaza,16-2-1,Ertuğrul,16-2,Bursa (Hüdavendigar),16,24211.0,22932.0,3942.0,3602.0,3213.0,3124.0,,,378.0,372.0,,,78.0,77.0,,,,,,,,,47143.0,14786,14786,6337,0.3136414738137157,0.13442080478544005,0.10232685817629866,0.23875728657010448,31822.0,30107.0,61929.0,1881 Census,1
İnegöl Kaza,16-2-2,Ertuğrul,16-2,Bursa (Hüdavendigar),16,19451.0,18892.0,,,2688.0,2816.0,,,47.0,47.0,,,89.0,85.0,,,,,,,,,38343.0,5772,5772,5504,0.15053595180345825,0.14354641003573013,0.12476481922248668,0.13083985039102347,22275.0,21840.0,44115.0,1881 Census,0
Söğüt Kaza,16-2-3,Ertuğrul,16-2,Bursa (Hüdavendigar),16,19167.0,19308.0,767.0,775.0,1779.0,2183.0,,,15.0,26.0,,,,,,,,,,,,,38475.0,5545,5545,3962,0.14411955815464586,0.10297595841455491,0.09000454338936847,0.12596547024079963,21728.0,22292.0,44020.0,1881 Census,0
Yenişehir Kaza,16-2-4,Ertuğrul,16-2,Bursa (Hüdavendigar),16,13950.0,14304.0,878.0,862.0,760.0,833.0,,,,,,,4.0,5.0,,,,,,,,4.0,28254.0,3342,3342,1593,0.1182841367593969,0.05638139732427267,0.05041139240506329,0.10575949367088608,15592.0,16008.0,31600.0,1881 Census,0
Ayvalik Kaza,16-5-1,Karesi,16-5,Bursa (Hüdavendigar),16,40.0,50.0,9798.0,10335.0,,,,,,,,,,,,,,,,,703.0,751.0,90.0,20133,20133,0,223.7,0.0,0.0,0.92877243160954,10541.0,11136.0,21677.0,1881 Census,0
Balikesir Kaza,16-5-2,Karesi,16-5,Bursa (Hüdavendigar),16,53972.0,56353.0,958.0,1002.0,956.0,844.0,265.0,988.0,,,,,,,,,,,,,14.0,22.0,110325.0,5013,5013,1800,0.04543847722637662,0.016315431679129844,0.015601435332050549,0.04344999739976078,56165.0,59209.0,115374.0,1881 Census,1
Bandirma Kaza,16-5-3,Karesi,16-5,Bursa (Hüdavendigar),16,14519.0,15473.0,2762.0,2725.0,2282.0,2175.0,,,443.0,406.0,,,,,,,,,,,59.0,68.0,29992.0,10793,10793,4457,0.3598626300346759,0.1486062950120032,0.10894114196323818,0.26381012905748924,20065.0,20847.0,40912.0,1881 Census,0
Bigadiç Kaza,16-5-4,Karesi,16-5,Bursa (Hüdavendigar),16,11778.0,11378.0,52.0,99.0,,,,,,,,,,,,,,,,,,,23156.0,151,151,0,0.006520988080842978,0.0,0.0,0.0064787402926159525,11830.0,11477.0,23307.0,1881 Census,0
Burhaniye (Kemer) Kaza,16-5-5,Karesi,16-5,Bursa (Hüdavendigar),16,8183.0,8962.0,1035.0,1398.0,1.0,8.0,,,,,,,,,,,,,,,4.0,4.0,17145.0,2442,2442,9,0.14243219597550305,0.0005249343832020997,0.0004593008420515438,0.1246236284766522,9223.0,10372.0,19595.0,1881 Census,0
Edremit Kaza,16-5-6,Karesi,16-5,Bursa (Hüdavendigar),16,12851.0,14148.0,2591.0,2937.0,4.0,6.0,,,,,1.0,4.0,,,,,,,,,95.0,99.0,26999.0,5538,5543,10,0.2051187081003,0.00037038408829956663,0.00030547409579667644,0.1691715542521994,15542.0,17194.0,32736.0,1881 Census,0
Erdek Kaza,16-5-7,Karesi,16-5,Bursa (Hüdavendigar),16,1485.0,11585.0,14462.0,14703.0,8.0,10.0,,,,,154.0,146.0,,,,,,,,,194.0,260.0,13070.0,29183,29483,18,2.232823259372609,0.0013771996939556236,0.0005453388675129518,0.8841457872572485,16303.0,16704.0,33007.0,1881 Census,0
Gönen Kaza,16-5-8,Karesi,16-5,Bursa (Hüdavendigar),16,11997.0,11926.0,855.0,837.0,5.0,8.0,,5.0,,,3.0,6.0,,,,,,,,,,,23923.0,1710,1719,13,0.07147932951552899,0.0005434101074279982,0.0005069807347320802,0.0666874658762967,12860.0,12782.0,25642.0,1881 Census,0
Sindirği Kaza,16-5-9,Karesi,16-5,Bursa (Hüdavendigar),16,11650.0,11604.0,400.0,437.0,,,,,,,,,,,,,,,,,,,23254.0,837,837,0,0.035993807516986324,0.0,0.0,0.034743265119754264,12050.0,12041.0,24091.0,1881 Census,0
Eskişehir Kaza,16-3-1,Kütahya,16-3,Bursa (Hüdavendigar),16,27470.0,28608.0,308.0,512.0,568.0,604.0,,3.0,81.0,108.0,12.0,40.0,,,,,,,,,5.0,76.0,56078.0,2184,2236,1172,0.038945754128178606,0.020899461464388886,0.02007021149070982,0.037400462368353454,28444.0,29951.0,58395.0,1881 Census,0
Gediz Kaza,16-3-2,Kütahya,16-3,Bursa (Hüdavendigar),16,16932.0,15966.0,,,,,,,,,,,,,,,,,,,,,32898.0,0,0,0,0.0,0.0,0.0,0.0,16932.0,15966.0,32898.0,1881 Census,0
Kütahya Central Kaza,16-3-3,Kütahya,16-3,Bursa (Hüdavendigar),16,58853.0,56532.0,2245.0,2157.0,1443.0,1365.0,,,432.0,341.0,,,,,,,,,,,,,115385.0,7983,7983,2808,0.06918576938076873,0.0243359188802704,0.02276116983334414,0.06470883859671876,62973.0,60395.0,123368.0,1881 Census,1
Simav Kaza,16-3-4,Kütahya,16-3,Bursa (Hüdavendigar),16,16606.0,15930.0,15.0,60.0,2.0,7.0,,,2.0,2.0,,,,,,,,,,,,,32536.0,88,88,9,0.0027046963363658717,0.00027661667076469144,0.00027587052476704265,0.002697400686611084,16225.0,15999.0,32624.0,1881 Census,0
Uşak Kaza,16-3-5,Kütahya,16-3,Bursa (Hüdavendigar),16,37070.0,34535.0,725.0,707.0,340.0,320.0,,,,,,,,,,,,,,,14.0,8.0,71605.0,2092,2092,660,0.02921583688289924,0.009217233433419453,0.00895291580189639,0.028378030087223102,38149.0,35570.0,73719.0,1881 Census,0
Derik Kaza,21-1-1,Diyarbekir,21-1,Diyarbekir,21,4524.0,5262.0,,,148.0,175.0,,,74.0,88.0,,,69.0,78.0,,,48.0,51.0,,,,,9786.0,731,731,323,0.07469854894747599,0.03300633558144288,0.030712180279547398,0.06950651326423885,4863.0,5654.0,10517.0,1881 Census,0
Diyarbekir Central Kaza,21-1-2,Diyarbekir,21-1,Diyarbekir,21,22280.0,20388.0,80.0,112.0,5772.0,6311.0,,,1194.0,1366.0,132.0,153.0,473.0,510.0,,,1969.0,2077.0,25.0,28.0,,,42668.0,19864,20149,12083,0.4655479516265117,0.2831864629230337,0.1921902338158104,0.31595355495466837,31925.0,30945.0,62870.0,1881 Census,1
Lice Kaza,21-1-3,Diyarbekir,21-1,Diyarbekir,21,8785.0,10284.0,,,2171.0,2476.0,,,,,,,143.0,148.0,,,348.0,444.0,,,,,19069.0,5730,5730,4647,0.30048770255388324,0.24369395353715453,0.18738658816887777,0.23105770393967498,11447.0,13352.0,24799.0,1881 Census,0
Silvan Kaza,21-1-4,Diyarbekir,21-1,Diyarbekir,21,5186.0,6189.0,78.0,84.0,3049.0,3511.0,,,69.0,83.0,,,24.0,21.0,,,239.0,285.0,,,,,11375.0,7443,7443,6560,0.6543296703296704,0.5767032967032967,0.34860240195557446,0.3955255606334361,8645.0,10173.0,18818.0,1881 Census,0
Siverek Kaza,21-1-5,Diyarbekir,21-1,Diyarbekir,21,13514.0,14957.0,,,726.0,675.0,,,50.0,21.0,70.0,39.0,112.0,101.0,,,261.0,187.0,,,,,28471.0,2133,2242,1401,0.07491833795792209,0.04920796600049173,0.045615862989613516,0.06944941881288054,14733.0,15980.0,30713.0,1881 Census,0
Çermik Kaza,21-3-1,Maden,21-3,Diyarbekir,21,11050.0,13363.0,,,2330.0,2614.0,,,200.0,211.0,128.0,119.0,477.0,430.0,,,,,,,,,24413.0,6262,6509,4944,0.25650268299676404,0.20251505345512635,0.15988616518983248,0.20250954013323846,14185.0,16737.0,30922.0,1881 Census,0
Maden Central Kaza,21-3-2,Maden,21-3,Diyarbekir,21,18976.0,20053.0,372.0,440.0,1729.0,2250.0,,7.0,165.0,132.0,,,27.0,23.0,,,,,39.0,33.0,,,39029.0,5145,5145,3979,0.1318250531655948,0.1019498321760742,0.08992903313293857,0.11628169778059033,21308.0,22938.0,44246.0,1881 Census,1
Palu Kaza,21-3-3,Maden,21-3,Diyarbekir,21,17035.0,20588.0,,,6104.0,6729.0,,,,,,,164.0,201.0,,,,,18.0,20.0,,,37623.0,13198,13198,12833,0.3507960556042846,0.3410945432315339,0.25232505554572443,0.2595017597671995,23321.0,27538.0,50859.0,1881 Census,0
Avniye Kaza,21-2-1,Mardin,21-2,Diyarbekir,21,10112.0,11788.0,,,,,,,51.0,70.0,,,63.0,79.0,,,260.0,318.0,,,,,21900.0,841,841,0,0.03840182648401826,0.0,0.0,0.036981663075502394,10486.0,12255.0,22741.0,1881 Census,0
Cizre Kaza,21-2-2,Mardin,21-2,Diyarbekir,21,3168.0,2867.0,,,,,,,790.0,791.0,85.0,64.0,24.0,36.0,,,103.0,94.0,,,,,6035.0,1838,1987,0,0.30455675227837614,0.0,0.0,0.22911992021939667,4170.0,3852.0,8022.0,1881 Census,0
Mardin Central Kaza,21-2-3,Mardin,21-2,Diyarbekir,21,11266.0,11292.0,,,,,,,1994.0,2233.0,,,218.0,214.0,,,1646.0,1913.0,,,,,22558.0,8218,8218,0,0.3643053462186364,0.0,0.0,0.2670262542240707,15124.0,15652.0,30776.0,1881 Census,1
Midyat Kaza,21-2-4,Mardin,21-2,Diyarbekir,21,9742.0,11784.0,,,24.0,29.0,,,93.0,118.0,,,146.0,200.0,,,1614.0,2043.0,,,,,21526.0,4267,4267,53,0.1982254018396358,0.002462138808882282,0.002054821075485597,0.16543248168107627,11619.0,14174.0,25793.0,1881 Census,0
Nusaybin Kaza,21-2-5,Mardin,21-2,Diyarbekir,21,2849.0,2289.0,,,,,,,154.0,,154.0,107.0,,,,,1279.0,1210.0,,,,,5138.0,2643,2904,0,0.5144024912417283,0.0,0.0,0.3350659229208925,4282.0,3606.0,7888.0,1881 Census,0
Dedeağaç Kaza,22-1-1,Edirne,22-1,Edirne,22,13205.0,15327.0,12093.0,11734.0,33.0,254.0,5835.0,6614.0,35.0,35.0,11.0,24.0,,,,,,,,,,,28532.0,36633,36668,287,1.2839268190102342,0.010058881256133464,0.004401840490797546,0.5618558282208589,31212.0,33988.0,65200.0,1881 Census,0
Edirne Central Sanjak,22-1-2,Edirne,22-1,Edirne,22,57162.0,60046.0,37449.0,40381.0,1917.0,1924.0,14708.0,16213.0,136.0,173.0,4370.0,4548.0,18.0,24.0,,4.0,,,,,,,117208.0,112947,121865,3841,0.963645826223466,0.032770800627943485,0.016066222450883204,0.47243728902887405,115760.0,123313.0,239073.0,1881 Census,1
Gelibolu Kaza,22-1-3,Edirne,22-1,Edirne,22,12239.0,13366.0,28250.0,30903.0,524.0,556.0,805.0,869.0,,,790.0,814.0,,,,,,,,,25.0,88.0,25605.0,61907,63511,1080,2.4177699668033585,0.0421792618629174,0.012103688262784521,0.6937991011890753,442633.0,46596.0,89229.0,1881 Census,0
Gümülcine Kaza,22-1-4,Edirne,22-1,Edirne,22,90364.0,91698.0,6492.0,7362.0,175.0,147.0,9828.0,9599.0,,,232.0,372.0,,,,,,,,,90.0,150.0,182062.0,33603,34207,322,0.18456899298041327,0.0017686282694906132,0.001487236096420934,0.1552037097764989,107181.0,109328.0,216509.0,1881 Census,0
Kirkkilise (Korklareli) Kaza,22-1-5,Edirne,22-1,Edirne,22,17111.0,19216.0,26208.0,27455.0,45.0,63.0,16320.0,17679.0,44.0,40.0,425.0,475.0,27.0,30.0,,,,,,,99.0,92.0,36327.0,87911,88811,108,2.419990640570375,0.0029729952927574532,0.0008617319215823952,0.7014418051687957,60279.0,65050.0,125329.0,1881 Census,0
Tekirdağı (Tekfurdağı),22-1-6,Edirne,22-1,Edirne,22,21397.0,23235.0,18361.0,20532.0,5403.0,5601.0,1765.0,2010.0,274.0,287.0,780.0,876.0,92.0,88.0,,,,,,,,,44632.0,54413,56069,11004,1.2191476967198422,0.2465495608531995,0.1092739893347633,0.5403422011697997,48072.0,52629.0,100701.0,1881 Census,0
Carsancak Kaza,23-3-1,Dersim Kaza,23-3,Elâziz (Elazığ),23,3780.0,4425.0,,,3075.0,3637.0,,,,,,,36.0,33.0,,,,,,,,,8205.0,6781,6781,6712,0.8264472882388787,0.8180377818403413,0.44788469237955425,0.4524889897237422,,,14986.0,1893 Salname,0
Cemisgezek Kaza,23-3-2,Dersim Kaza,23-3,Elâziz (Elazığ),23,6789.0,6854.0,106.0,86.0,1971.0,1954.0,,,,,,,150.0,102.0,,,,,,,,,13643.0,4369,4369,3925,0.3202374844242469,0.2876933225830096,0.21791028203419943,0.24256051521208083,,,18012.0,1893 Salname,0
Hozat Kaza,23-3-3,Dersim Kaza,23-3,Elâziz (Elazığ),23,3602.0,3609.0,,,354.0,495.0,,,,,,,,,,,,,,,,,7211.0,849,849,849,0.11773679101372903,0.11773679101372903,0.10533498759305211,0.10533498759305211,,,8060.0,1893 Salname,1
Kizilkilise,23-3-4,Dersim Kaza,23-3,Elâziz (Elazığ),23,1509.0,1718.0,,,10.0,10.0,,,,,,,,,,,,,,,,,3227.0,20,20,20,0.006197706848466067,0.006197706848466067,0.006159531875577456,0.006159531875577456,,,3247.0,1893 Salname,0
Mazgirt Kaza,23-3-5,Dersim Kaza,23-3,Elâziz (Elazığ),23,5761.0,7459.0,0.0,0.0,666.0,885.0,,,,,,,,,,,,,,,,,13220.0,1551,1551,1551,0.11732223903177004,0.11732223903177004,0.10500304651005349,0.10500304651005349,,,14771.0,1893 Salname (+PAH),0
Ovacik Kaza,23-3-6,Dersim Kaza,23-3,Elâziz (Elazığ),23,1262.0,1697.0,,,,,,,,,,,,,,,,,,,,,2959.0,0,0,0,0.0,0.0,0.0,0.0,,,2959.0,1893 Salname,0
Arabkir Kaza,23-1-1,Elaziz,23-1,Elâziz (Elazığ),23,11143.0,11013.0,,,4611.0,4460.0,,,131.0,131.0,,,469.0,480.0,,,,,,,,,22156.0,10282,10282,9071,0.4640729373533129,0.40941505686947105,0.2796411616005919,0.3169739194771564,,,32438.0,1893 Salname,0
Egin Kaza,23-1-2,Elaziz,23-1,Elâziz (Elazığ),23,14915.0,14957.0,299.0,280.0,5442.0,5858.0,,,7.0,17.0,,,354.0,295.0,,,,,,,,,29872.0,12552,12552,11300,0.42019282271023034,0.37828066416711303,0.2663586649066566,0.29587026211578354,,,42424.0,1893 Salname,0
Elaziz Merkez Kaza,23-1-3,Elaziz,23-1,Elâziz (Elazığ),23,36886.0,40459.0,17.0,19.0,15063.0,17486.0,,,326.0,318.0,,,1977.0,2419.0,221.0,226.0,422.0,476.0,,,,,77345.0,38970,38970,32549,0.5038464024823841,0.42082875428275907,0.27983493100631907,0.33503847311180845,,,116315.0,1893 Salname,1
Keban Madeni Kaza,23-1-4,Elaziz,23-1,Elâziz (Elazığ),23,8509.0,10542.0,32.0,31.0,163.0,184.0,,,,,,,29.0,36.0,,,,,,,,,19051.0,475,475,347,0.024933074379297676,0.01821426696761325,0.017771176892348663,0.024326538973676124,,,19526.0,1893 Salname,0
Adıyaman (Hisn-i Mansur) Kaza,23-2-1,Malatya Kaza,23-2,Elâziz (Elazığ),23,13989.0,15166.0,,,679.0,832.0,,,281.0,306.0,,,136.0,148.0,,,29.0,32.0,,,,,29155.0,2443,2443,1511,0.08379351740696278,0.05182644486365975,0.04781948224571175,0.07731501993797076,,,31598.0,1893 Salname,0
Akcadag Kaza,23-2-2,Malatya Kaza,23-2,Elâziz (Elazığ),23,11567.0,14897.0,,,140.0,196.0,,,,,,,,,,,,,,,,,26464.0,336,336,336,0.012696493349455865,0.012696493349455865,0.01253731343283582,0.01253731343283582,,,26800.0,1893 Salname,0
Behisni Kaza,23-2-3,Malatya Kaza,23-2,Elâziz (Elazığ),23,20158.0,23308.0,,,661.0,676.0,,,105.0,97.0,,,22.0,26.0,,,,,,,,,43466.0,1587,1587,1337,0.03651129618552432,0.030759674228132333,0.029676159190286995,0.03522517923334739,,,45053.0,1893 Salname,0
Kahta Kaza,23-2-4,Malatya Kaza,23-2,Elâziz (Elazığ),23,13313.0,17022.0,,,407.0,350.0,,,,,,,,,,,150.0,172.0,,,,,30335.0,1079,1079,757,0.03556947420471403,0.024954672820174717,0.024097536130387724,0.03434774304450245,,,31414.0,1893 Salname,0
Malatya Merkez Kaza,23-2-5,Malatya Kaza,23-2,Elâziz (Elazığ),23,23236.0,26383.0,,,2863.0,3292.0,,,242.0,266.0,,,159.0,160.0,59.0,61.0,,,,,,,49619.0,7102,7102,6155,0.14313065559563876,0.12404522461153994,0.1085136016642866,0.12520935808607042,,,56721.0,1893 Salname,1
Bayezit Central Kaza,25-2-1,Bayezit,25-2,Erzurum,25,3797.0,5146.0,,,945.0,968.0,,,,,,,,,,,,,,,,,8943.0,1913,1913,1913,0.21391032092139103,0.21391032092139103,0.17621591746499632,0.17621591746499632,4742.0,6114.0,10856.0,1881 Census,0
Diyadin Kaza,25-2-2,Bayezit,25-2,Erzurum,25,4870.0,5226.0,,,132.0,210.0,,,,,,,,,,,,,,,,3.0,10096.0,342,342,342,0.033874801901743266,0.033874801901743266,0.03275548319126521,0.03275548319126521,5002.0,5439.0,10441.0,1881 Census,0
Eleşkirt Kaza,25-2-3,Bayezit,25-2,Erzurum,25,6799.0,7729.0,,,1650.0,1957.0,,,565.0,743.0,,,21.0,31.0,,,,,,,,,14528.0,4967,4967,3607,0.34189151982378857,0.24827918502202642,0.18502180046165684,0.2547832777635291,9035.0,10460.0,19495.0,1881 Census,0
Karakilise (Karaköse) Kaza,25-2-4,Bayezit,25-2,Erzurum,25,2294.0,3905.0,,,969.0,1211.0,,,,,,,,,,,,,,,13.0,37.0,6199.0,2180,2180,2180,0.3516696241329247,0.3516696241329247,0.2586309170720133,0.2586309170720133,3276.0,5153.0,8429.0,1881 Census,0
Tutak (Antap) Kaza,25-2-5,Bayezit,25-2,Erzurum,25,3137.0,4496.0,,,105.0,108.0,,,,,,,,,,,,,,,,,7633.0,213,213,213,0.02790514869644963,0.02790514869644963,0.027147591129237827,0.027147591129237827,3242.0,4604.0,7846.0,1881 Census,0
Erzincan Central Kaza,25-3-1,Erzincan,25-3,Erzurum,25,19879.0,21644.0,91.0,115.0,6125.0,6561.0,,,,,,,39.0,49.0,,,,,,,,,41523.0,12980,12980,12686,0.3125978373431592,0.3055174240782217,0.23275782984422877,0.23815202832871585,26134.0,28369.0,54503.0,1881 Census,1
Kemah Kaza,25-3-2,Erzincan,25-3,Erzurum,25,6468.0,7393.0,281.0,299.0,1483.0,1671.0,,,,,,,80.0,66.0,,,,,,,,,13861.0,3880,3880,3154,0.27992208354375586,0.2275449101796407,0.17747017780778754,0.2183209543101508,8312.0,9459.0,17772.0,1881 Census,0
Kuruçay (İliç) Kaza,25-3-3,Erzincan,25-3,Erzurum,25,4874.0,5045.0,,,1231.0,1186.0,,,,,,,,,,,,,,,,,9919.0,2417,2417,2417,0.24367375743522532,0.24367375743522532,0.19593060959792477,0.19593060959792477,6105.0,6231.0,12336.0,1881 Census,0
Pülümür (Kuzican) Kaza,25-3-4,Erzincan,25-3,Erzurum,25,,6705.0,,,,1191.0,,,,,,,,,,,,,,,,,6705.0,1191,1191,1191,0.17762863534675616,0.17762863534675616,0.15083586626139817,0.15083586626139817,,,7896.0,1871 Erzurum Salname (only males),0
Refahiye Kaza,25-3-5,Erzincan,25-3,Erzurum,25,10009.0,10631.0,557.0,544.0,376.0,393.0,,,,,,,,,,,,,,,,,20640.0,1870,1870,769,0.09060077519379844,0.037257751937984494,0.034162594402487784,0.08307418924922257,10942.0,11568.0,22510.0,1881 Census,0
Bayburt Kaza,25-1-1,Erzurum,25-1,Erzurum,25,20030.0,22797.0,280.0,375.0,4557.0,5098.0,,,,,,,,,,,,,,,,,42827.0,10310,10310,9655,0.24073598430896398,0.2254418941322063,0.18170013361687712,0.19402676101398272,24867.0,28270.0,53137.0,1881 Census,0
Erzurum Central Kaza,25-1-2,Erzurum,25-1,Erzurum,25,13473.0,13636.0,244.0,242.0,4577.0,5153.0,,,375.0,416.0,3.0,3.0,164.0,165.0,,,,,8.0,7.0,97.0,121.0,27109.0,11336,11342,9730,0.41816370946917997,0.35892139141982365,0.25152517836831767,0.29304105056354046,18941.0,19743.0,38684.0,1881 Census,1
Hinis Kaza,25-1-3,Erzurum,25-1,Erzurum,25,6858.0,8636.0,,,3657.0,4758.0,,,,,,,152.0,208.0,,,,,,,,,15494.0,8775,8775,8415,0.5663482638440687,0.5431134632761069,0.34673863776834646,0.36157237628250033,10667.0,13602.0,24269.0,1881 Census,0
Ispir Kaza,25-1-4,Erzurum,25-1,Erzurum,25,14563.0,15588.0,,1.0,1100.0,1199.0,,,42.0,37.0,,,,,,,,,,,,11.0,30151.0,2379,2379,2299,0.07890285562667905,0.07624954396205764,0.07064933468547371,0.07310777173412003,15705.0,16836.0,32541.0,1881 Census,0
Gisgim Kaza,25-1-5,Erzurum,25-1,Erzurum,25,9579.0,12369.0,17.0,20.0,323.0,369.0,,,1641.0,1859.0,,,,,,,,,,,,10.0,21948.0,4229,4229,692,0.1926827045744487,0.03152906870785493,0.026425325543208464,0.16149234352923206,11560.0,14627.0,26187.0,1881 Census,0
Kiği Kaza,25-1-6,Erzurum,25-1,Erzurum,25,11322.0,16373.0,60.0,75.0,4169.0,6312.0,,,,,,,322.0,412.0,,,,,,,,,27695.0,11350,11350,10481,0.4098212673767828,0.37844376241198774,0.2684338583685491,0.2906902292226918,15873.0,23172.0,39045.0,1881 Census,0
Ova Kaza,25-1-7,Erzurum,25-1,Erzurum,25,21862.0,23847.0,3.0,8.0,8765.0,9613.0,,,200.0,203.0,,,,,,,,,,,,,45709.0,18792,18792,18378,0.41112253604323,0.40206523879323547,0.2849258151036418,0.29134432024309703,30830.0,33671.0,64501.0,1881 Census,0
Pasinler Kaza,25-1-8,Erzurum,25-1,Erzurum,25,15665.0,19691.0,9.0,12.0,2863.0,3915.0,,,116.0,179.0,,,95.0,136.0,,,,,,,,,35356.0,7325,7325,6778,0.20717841384772034,0.19170720669759023,0.15880602610060682,0.17162203322321407,18748.0,23933.0,42681.0,1881 Census,0
Tercan Kaza,25-1-9,Erzurum,25-1,Erzurum,25,8066.0,11179.0,51.0,72.0,2507.0,3755.0,,,,,,,,,,,,,,,,,19245.0,6385,6385,6262,0.331774486879709,0.3253832164198493,0.2443230589153336,0.24912212251268046,10624.0,15006.0,25630.0,1881 Census,0
Tortum Kaza,25-1-10,Erzurum,25-1,Erzurum,25,21448.0,25224.0,,,546.0,621.0,,,171.0,183.0,,,,,,,,,,,,,46672.0,1521,1521,1167,0.03258913267055194,0.025004285224545765,0.024215134978108854,0.03156060008714959,22165.0,26028.0,48193.0,1881 Census,0
Antakya Kaza,27-1-1,Halep,27-1,Halep,27,26844.0,28802.0,1765.0,1751.0,1039.0,1040.0,,,,,108.0,113.0,156.0,127.0,,,,,,,60.0,77.0,55646.0,5878,6099,2079,0.10563203105344499,0.037361176005463105,0.0336707425702486,0.09519799174022188,,,61745.0,1310 Salname,0
Antep Kaza,27-1-2,Halep,27-1,Halep,27,31767.0,33689.0,,,5265.0,6049.0,,,147.0,162.0,350.0,364.0,1606.0,1713.0,,,,,,,24.0,164.0,65456.0,14942,15656,11314,0.22827548276704962,0.17284893669029577,0.13948614261761516,0.18421441956800474,,,81112.0,1310 Salname,0
Bâb Kaza,27-1-3,Halep,27-1,Halep,27,12664.0,10110.0,,,,,,,,,25.0,25.0,,,,,,,,,84.0,163.0,22774.0,0,50,0,0.0,0.0,0.0,0.0,,,22824.0,1310 Salname,0
Belen Kaza,27-1-4,Halep,27-1,Halep,27,3440.0,3562.0,,,594.0,624.0,,,,,,,60.0,40.0,,,,,,,75.0,123.0,7002.0,1318,1318,1218,0.1882319337332191,0.17395029991431019,0.14639423076923078,0.15841346153846153,,,8320.0,1310 Salname,0
Cebel-i Sem'ân Kaza,27-1-5,Halep,27-1,Halep,27,13925.0,11179.0,,,,,,,,,,,,,,,,,,,,,25104.0,0,0,0,0.0,0.0,0.0,0.0,,,25104.0,1310 Salname,0
Cisr-i Şuğûr Kaza,27-1-6,Halep,27-1,Halep,27,10283.0,11475.0,386.0,488.0,751.0,811.0,,,114.0,91.0,,,250.0,270.0,80.0,83.0,,,,,46.0,59.0,21758.0,3324,3324,1562,0.15277139442963508,0.0717896865520728,0.06227573558727374,0.13252531696036998,,,25082.0,1310 Salname,0
Halep Kaza,27-1-7,Halep,27-1,Halep,27,37837.0,35829.0,460.0,533.0,902.0,764.0,,,7071.0,7175.0,3962.0,3906.0,27.0,38.0,195.0,149.0,1293.0,1423.0,,,530.0,1513.0,73666.0,20030,27898,1666,0.27190291314853526,0.022615589281350962,0.016403450041353237,0.1972155488165098,,,101564.0,1310 Salname,1
Harim Kaza,27-1-8,Halep,27-1,Halep,27,12610.0,12377.0,,,,,,,,,,,,,,,,,,,204.0,297.0,24987.0,0,0,0,0.0,0.0,0.0,0.0,,,24987.0,1310 Salname,0
Idlib Kaza,27-1-9,Halep,27-1,Halep,27,22932.0,22813.0,276.0,312.0,,,,,,,,,,,,,,,,,124.0,272.0,45745.0,588,588,0,0.012853863810252487,0.0,0.0,0.012690738782293398,,,46333.0,1310 Salname,0
Iskenderun Kaza,27-1-10,Halep,27-1,Halep,27,4684.0,5303.0,454.0,546.0,201.0,214.0,,,39.0,48.0,7.0,6.0,,,,,,,,,265.0,802.0,9987.0,1502,1515,415,0.15039551416841895,0.04155402022629418,0.03608068162058772,0.13058598504607893,,,11502.0,1310 Salname,0
Kilis Kaza,27-1-11,Halep,27-1,Halep,27,32356.0,32450.0,121.0,180.0,1221.0,1323.0,,,179.0,168.0,261.0,281.0,156.0,177.0,,,,,,,1670.0,1887.0,64806.0,3525,4067,2544,0.054393111748912135,0.039255624479214886,0.03693755172563994,0.051181159525503464,,,68873.0,1310 Salname,0
Mare Kaza,27-1-12,Halep,27-1,Halep,27,7242.0,7599.0,23.0,22.0,,,,,,,,,,,,,,,,,107.0,126.0,14841.0,45,45,0,0.0030321406913280777,0.0,0.0,0.003022974607013301,,,14886.0,1310 Salname,0
Münbiç Kaza,27-1-13,Halep,27-1,Halep,27,3829.0,2607.0,,,,,,,,,,,,,,,,,,,19.0,31.0,6436.0,0,0,0,0.0,0.0,0.0,0.0,,,6436.0,1310 Salname,0
Rakka Kaza,27-1-14,Halep,27-1,Halep,27,2906.0,2214.0,,,,,,,,,,,,,,,,,,,,,5120.0,0,0,0,0.0,0.0,0.0,0.0,,,5120.0,1310 Salname,0
Andirin Kaza,27-3-1,Maraş,27-3,Halep,27,6394.0,7744.0,,,1042.0,1328.0,,,84.0,109.0,,,,,,,,,,,,,14138.0,2563,2563,2370,0.18128448153911444,0.1676333286179092,0.14190767019938927,0.15346386443925514,,,16701.0,1310 Salname,0
Elbistan Kaza,27-3-2,Maraş,27-3,Halep,27,17981.0,19991.0,,,421.0,528.0,,,164.0,170.0,,,153.0,182.0,,,,,,,,,37972.0,1618,1618,949,0.04261034446434215,0.02499209944169388,0.02397069967163425,0.04086890628946704,,,39590.0,1310 Salname,0
Maraş Kaza ,27-3-3,Maraş,27-3,Halep,27,17110.0,19443.0,,,4312.0,4783.0,,,1447.0,1614.0,98.0,95.0,1430.0,1430.0,,,,,,,417.0,564.0,36553.0,15016,15209,9095,0.41080075506798347,0.24881678658386452,0.17570804837525597,0.2900969823422588,,,51762.0,1310 Salname,1
Pazarcik Kaza,27-3-4,Maraş,27-3,Halep,27,8533.0,9408.0,,,4.0,8.0,,,,,,,,,,,,,,,,,17941.0,12,12,12,0.0006688590379577504,0.0006688590379577504,0.0006684119645741659,0.0006684119645741659,,,17953.0,1310 Salname,0
Zeytun Kaza,27-3-5,Maraş,27-3,Halep,27,3378.0,3994.0,,,3661.0,4882.0,,,167.0,206.0,,,107.0,129.0,,,,,,,,,7372.0,9152,9152,8543,1.2414541508410202,1.1588442756375474,0.5170055676591624,0.5538610505930768,,,16524.0,1310 Salname,0
Birecik Kaza,27-2-1,Urfa,27-2,Halep,27,10171.0,10076.0,,,605.0,652.0,,,,,,,,,,,,,,,,,20247.0,1257,1257,1257,0.06208327159579197,0.06208327159579197,0.05845424107142857,0.05845424107142857,,,21504.0,1310 Salname,0
Harran Kaza,27-2-2,Urfa,27-2,Halep,27,1.987,1.675,,,,,,,,,,,,,,,,,,,,,3.662,0,0,0,0.0,0.0,0.0,0.0,,,3.662,1318 Salname,0
Rumkale,27-2-3,Urfa,27-2,Halep,27,10549.0,10993.0,,,289.0,340.0,,,,,,,,,,,,,,,,,21542.0,629,629,629,0.029198774487048558,0.029198774487048558,0.028370393757611294,0.028370393757611294,,,22171.0,1310 Salname,0
Suruc,27-2-4,Urfa,27-2,Halep,27,8712.0,9050.0,,,24.0,28.0,,,,,,,,,,,,,,,,,17762.0,52,52,52,0.0029275982434410538,0.0029275982434410538,0.0029190524306725047,0.0029190524306725047,,,17814.0,1310 Salname,0
Urfa Kaza,27-2-5,Urfa,27-2,Halep,27,26539.0,26321.0,,,3118.0,4515.0,,,240.0,218.0,154.0,163.0,327.0,395.0,,,486.0,588.0,,,355.0,967.0,52860.0,9887,10204,7633,0.18704124101399924,0.14440030268634127,0.12103577318279843,0.1567772421666878,,,63064.0,1310 Salname,1
Adalar Kaza,34-7,,34,Istanbul,34,78.0,186.0,2495.0,3006.0,196.0,337.0,,3.0,66.0,67.0,30.0,35.0,5.0,2.0,9.0,18.0,,,,,736.0,668.0,264.0,6204,6269,533,23.5,2.018939393939394,0.06715383646213935,0.7816555373566839,3615.0,4322.0,7937.0,1881 Census,0
Beykoz Kaza,34-5,,34,Istanbul,34,1665.0,1955.0,604.0,729.0,,,,,49.0,91.0,,,,,,,,,,,,,3620.0,1473,1473,0,0.4069060773480663,0.0,0.0,0.28922049872373845,2318.0,2775.0,5093.0,1881 Census,0
Gebze Kaza,34-3,,34,Istanbul,34,7633.0,8189.0,1947.0,2178.0,2.0,6.0,,3.0,,,,,,,,,,,,,,,15822.0,4136,4136,8,0.2614081658450259,0.0005056250790039186,0.0004008417677121956,0.20723519390720513,9582.0,10376.0,19958.0,1881 Census,0
Istanbul City and Greater Istanbul,34-1,,34,Istanbul,34,183571.0,201339.0,60937.0,91804.0,65720.0,83870.0,400.0,3977.0,3233.0,3209.0,21967.0,22394.0,331.0,488.0,554.0,528.0,,,,,28038.0,101205.0,384910.0,315051,359412,149590,0.8185056246914864,0.38863630459068355,0.17124083496934972,0.36064975130642823,364751.0,508814.0,873565.0,1881 Census,1
Kartal Kaza,34-4,,34,Istanbul,34,2073.0,3022.0,3093.0,3827.0,401.0,468.0,,,1.0,2.0,,1.0,,,,,,,,,32.0,49.0,5095.0,7792,7793,869,1.529342492639843,0.17055937193326792,0.06700593723494487,0.6008173336417612,5600.0,7369.0,12969.0,1881 Census,0
Küçükçekmece Kaza,34-2,,34,Istanbul,34,1833.0,3507.0,4769.0,6176.0,505.0,891.0,,15.0,25.0,36.0,,,,,12.0,19.0,,,,,52.0,135.0,5340.0,12448,12448,1396,2.331086142322097,0.2614232209737828,0.077663421418637,0.6925173852573018,7196.0,10779.0,17975.0,1881 Census,0
Şile Kaza,34-6,,34,Istanbul,34,4964.0,5350.0,3166.0,3281.0,,3.0,,,,,,,,,,,,,,,,6.0,10314.0,6450,6450,3,0.6253635834787667,0.00029086678301337986,0.00017889087656529517,0.38461538461538464,8130.0,8640.0,16770.0,1881 Census,0
Bartin Kaza,37-2-1,Bolu,37-2,Kastamonu,37,24284.0,25535.0,200.0,180.0,95.0,100.0,,,,13.0,,,,,,,,,,,,,49819.0,588,588,195,0.01180272586764086,0.0039141692928400815,0.0038695082747946183,0.011668055720919158,24579.0,25815.0,50394.0,1881 Census,0
Bolu Central Kaza,37-2-2,Bolu,37-2,Kastamonu,37,21632.0,21034.0,,17.0,397.0,428.0,,,,,,,,,,,,,,,,,42666.0,842,842,825,0.019734683354427414,0.0193362396287442,0.018956365892327843,0.01934698191677581,22029.0,21492.0,43521.0,1881 Census,1
Düzçe Kaza,37-2-3,Bolu,37-2,Kastamonu,37,14497.0,16015.0,22.0,58.0,13.0,52.0,,2.0,,,,,,,,,,,,,,1.0,30512.0,147,147,65,0.004817776612480336,0.002130309386470897,0.0021200260926288322,0.004794520547945206,14532.0,16128.0,30660.0,1881 Census,0
Ereğli (K. Deniz),37-2-4,Bolu,37-2,Kastamonu,37,15926.0,17981.0,363.0,372.0,,,,,,,,,,,,,,,,,,,33907.0,735,735,0,0.02167693986492465,0.0,0.0,0.021217019802551817,16289.0,18353.0,34642.0,1881 Census,0
Gerede Kaza,37-2-5,Bolu,37-2,Kastamonu,37,20174.0,19130.0,27.0,97.0,,7.0,,,,23.0,,,,,,,,,,,,,39304.0,154,154,7,0.003918176267046611,0.00017809892122939142,0.00017740382178518932,0.003902884079274165,20201.0,19257.0,39458.0,1881 Census,0
Göynük Kaza,37-2-6,Bolu,37-2,Kastamonu,37,8377.0,7762.0,2.0,9.0,,,,,,,,,,,,,,,,,,,16139.0,11,11,0,0.0006815787843112957,0.0,0.0,0.0006811145510835913,8379.0,7771.0,16150.0,1881 Census,0
Hamidiye (Bolu) Kaza,37-2-7,Bolu,37-2,Kastamonu,37,21389.0,28231.0,,,162.0,192.0,,,,,,,,,,,,,,,,,49620.0,354,354,354,0.00713422007255139,0.00713422007255139,0.007083683515428023,0.007083683515428023,21551.0,28423.0,49974.0,1881 Census,0
Mudurnu (Mud) Kaza,37-2-8,Bolu,37-2,Kastamonu,37,13341.0,13148.0,,,,,,,,,,,,,,,,,,,,,26489.0,0,0,0,0.0,0.0,0.0,0.0,13341.0,13148.0,26489.0,1881 Census,0
Çankiri Central Kaza,37-4-1,Çankiri,37-4,Kastamonu,37,41190.0,42917.0,368.0,390.0,155.0,143.0,,,,,,,,,,,,,,,,,84107.0,1056,1056,298,0.012555435338319047,0.003543105805699882,0.003499172175710109,0.012399751065603606,41713.0,43450.0,85163.0,1881 Census,1
Çerkeş Kaza,37-4-2,Çankiri,37-4,Kastamonu,37,26957.0,27529.0,,,,,,,,,,,,,,,,,,,,,54486.0,0,0,0,0.0,0.0,0.0,0.0,26957.0,27529.0,54486.0,1881 Census,0
İskilip Kaza,37-4-3,Çankiri,37-4,Kastamonu,37,20724.0,22517.0,,,,,,,,,,,,,,,,,,,,,43241.0,0,0,0,0.0,0.0,0.0,0.0,20724.0,22517.0,43241.0,1881 Census,0
Araç Kaza,37-1-1,Kastamonu,37-1,Kastamonu,37,15878.0,17253.0,,,,,,,,,,,,,,,,,,,,,33131.0,0,0,0,0.0,0.0,0.0,0.0,15878.0,17253.0,33131.0,1881 Census,0
Cide Kaza,37-1-2,Kastamonu,37-1,Kastamonu,37,19431.0,19538.0,,,,,,,,,,,,,,,,,,,,,38969.0,0,0,0,0.0,0.0,0.0,0.0,19437.0,19538.0,38975.0,1881 Census,0
Daday Kaza,37-1-3,Kastamonu,37-1,Kastamonu,37,20734.0,19714.0,6.0,4.0,86.0,96.0,,,,,,,,,,,,,,,,,40448.0,192,192,182,0.004746835443037975,0.0044996044303797465,0.004478346456692914,0.004724409448818898,20826.0,19814.0,40640.0,1881 Census,0
inebolu Kaza,37-1-4,Kastamonu,37-1,Kastamonu,37,29678.0,29004.0,739.0,758.0,9.0,8.0,,,,,,,,,,,,,,,,,58682.0,1514,1514,17,0.02580007498040285,0.00028969701100848644,0.00028241079141471195,0.025151172835404346,30426.0,29770.0,60196.0,1881 Census,0
Kastamonu Central Kaza,37-1-5,Kastamonu,37-1,Kastamonu,37,28107.0,26288.0,813.0,782.0,261.0,300.0,,,,,,,,,,,,,,,,,54395.0,2156,2156,561,0.039635995955510615,0.01031344792719919,0.0099202489787979,0.03812487842832134,29181.0,27370.0,56551.0,1881 Census,1
Safranbolu Kaza,37-1-6,Kastamonu,37-1,Kastamonu,37,24070.0,25127.0,1658.0,1668.0,,,,,,,,,,,,,,,,,,,49197.0,3326,3326,0,0.06760574831798687,0.0,0.0,0.06332463872969937,25728.0,26795.0,52523.0,1881 Census,0
Taşköprü Kaza,37-1-7,Kastamonu,37-1,Kastamonu,37,19564.0,20075.0,300.0,296.0,,,,,,,,,,,,,,,,,,,39639.0,596,596,0,0.015035697166931558,0.0,0.0,0.014812973779048092,19864.0,20371.0,40235.0,1881 Census,0
Tosya Kaza,37-1-8,Kastamonu,37-1,Kastamonu,37,16288.0,16731.0,256.0,225.0,,,,,,,,,,,,,,,,,,,33019.0,481,481,0,0.014567370301947364,0.0,0.0,0.014345362362063824,16544.0,16986.0,33530.0,1881 Census,0
Ayancık Kaza,37-3-1,Sinop,37-3,Kastamonu,37,13960.0,14629.0,575.0,638.0,,,,,,,,,,,,,,,,,,,28589.0,1213,1213,0,0.042428906222673056,0.0,0.0,0.04070196631098584,14535.0,15267.0,29802.0,1881 Census,0
Boyabat Kaza,37-3-2,Sinop,37-3,Kastamonu,37,20132.0,22549.0,22.0,62.0,,,,,,,,,,,,,,,864.0,935.0,,,42681.0,84,84,0,0.001968088845153581,0.0,0.0,0.001884929539538641,21018.0,23546.0,44564.0,1881 Census,0
Sinop Central Kaza,37-3-3,Sinop,37-3,Kastamonu,37,19519.0,20735.0,2048.0,2015.0,123.0,150.0,,,,,,,,,,,,,30.0,36.0,,,40254.0,4336,4336,273,0.10771600337854623,0.006781934714562528,0.006113400214976711,0.09709781440343963,21720.0,22936.0,44656.0,1881 Census,1
Burdur Central Kaza,42-4-1,Burdur,42-4,Konya,42,18766.0,18447.0,874.0,880.0,409.0,401.0,,,,,,,,,,,,,,,,,37213.0,2564,2564,810,0.06890065299760836,0.021766586945422297,0.020384024964139217,0.06452424692352215,20049.0,19728.0,39737.0,1881 Census,1
Tefenni Kaza,42-4-2,Burdur,42-4,Konya,42,8363.0,9424.0,,,,,,,,,,,,,,,,,,,,,17787.0,0,0,0,0.0,0.0,0.0,0.0,8363.0,9424.0,17787.0,1881 Census,0
Eğridir Kaza,42-2-1,Hamitabat,42-2,Konya,42,9803.0,9884.0,678.0,657.0,,,,,,,,,,,,,,,,,,,19687.0,1335,1335,0,0.0678112459998984,0.0,0.0,0.06350489962896014,10481.0,10541.0,21022.0,1881 Census,0
İsparta Kaza,42-2-2,Hamitabat,42-2,Konya,42,21878.0,21683.0,2265.0,2259.0,300.0,319.0,,,,,,,,,,,,,,,,,43561.0,5143,5143,619,0.11806432359220403,0.014209958449071417,0.01270942838370565,0.10559707621550592,24443.0,24261.0,48704.0,1881 Census,1
Karaağaç Kaza,42-2-3,Hamitabat,42-2,Konya,42,10203.0,9974.0,,,,,,,,,,,,,,,,,,,,,20177.0,0,0,0,0.0,0.0,0.0,0.0,10203.0,9974.0,20177.0,1881 Census,0
Uluborlu Kaza,42-2-4,Hamitabat,42-2,Konya,42,7636.0,6597.0,429.0,392.0,,,,,,,,,,,,,,,,,,,14233.0,821,821,0,0.05768284971545001,0.0,0.0,0.054537000132855055,8065.0,6989.0,15054.0,1881 Census,0
Yalvaç Kaza,42-2-5,Hamitabat,42-2,Konya,42,12919.0,12720.0,,,,,,,,,,,,,,,,,,,,,25639.0,0,0,0,0.0,0.0,0.0,0.0,12919.0,12720.0,25639.0,1881 Census,0
Akşehir Kaza,42-1-1,Konya,42-1,Konya,42,21158.0,22107.0,872.0,839.0,1582.0,1552.0,,,9.0,28.0,,,22.0,19.0,,,,,,,,,43265.0,4923,4923,3134,0.11378712585230556,0.07243730498093147,0.06508691408278125,0.10224086727170775,23634.0,24517.0,48151.0,1881 Census,0
Beyşehri Kaza,42-1-2,Konya,42-1,Konya,42,17702.0,17621.0,96.0,57.0,,,,,,,,,,,,,,,,,,,35323.0,153,153,0,0.004331455425643348,0.0,0.0,0.0043127748336903825,17798.0,17678.0,35476.0,1881 Census,0
Bozkir Kaza,42-1-3,Konya,42-1,Konya,42,18369.0,19100.0,44.0,50.0,,,,,,,,,,,,,,,,,,,37469.0,94,94,0,0.0025087405588619925,0.0,0.0,0.0025024625296169102,18413.0,19150.0,37563.0,1881 Census,0
Ereğli Kaza,42-1-4,Konya,42-1,Konya,42,11682.0,12348.0,87.0,80.0,221.0,220.0,,,,,,,,,,,,,,,,,24030.0,608,608,441,0.025301706200582606,0.018352059925093634,0.017893370120912116,0.024669317536314208,11996.0,12650.0,24646.0,1881 Census,0
Hadim Kaza,42-1-5,Konya,42-1,Konya,42,5637.0,6026.0,,,,,,,,,,,,,,,,,,,,,11663.0,0,0,0,0.0,0.0,0.0,0.0,5637.0,6026.0,11663.0,1881 Census,0
Ilgin Kaza,42-1-6,Konya,42-1,Konya,42,10943.0,11128.0,12.0,43.0,,,,,,,,,,,,,,,,,,,22071.0,55,55,0,0.0024919577726428346,0.0,0.0,0.0024857633553285728,10955.0,11171.0,22126.0,1881 Census,0
Karaman (Lârende) Kaza,42-1-7,Konya,42-1,Konya,42,18223.0,18504.0,60.0,64.0,287.0,316.0,,,,,,,,,,,,,,,,,36727.0,727,727,603,0.019794701445802816,0.016418438750782804,0.016099749025471243,0.019410476851604633,18570.0,18884.0,37454.0,1881 Census,0
Karapinar Kaza,42-1-8,Konya,42-1,Konya,42,8214.0,8024.0,,,,,,,6.0,2.0,,,,,,,,,,,,,16238.0,8,8,0,0.0004926715112698608,0.0,0.0,0.0004926715112698608,8214.0,8024.0,16238.0,1881 Census,0
Koçhisar Kaza,42-1-9,Konya,42-1,Konya,42,8770.0,11857.0,,9.0,,3.0,,,,,,,,,,,,,,,,,20627.0,12,12,3,0.0005817617685557764,0.0001454404421389441,0.00014535587964533165,0.0005814235185813266,8770.0,11869.0,20639.0,1881 Census,0
Konya Central Kaza,42-1-10,Konya,42-1,Konya,42,46348.0,46468.0,2150.0,1866.0,760.0,806.0,,,,,,,,,,,,,,,,,92816.0,5582,5582,1566,0.060140493018445096,0.016872091018789864,0.01590897546604358,0.056707471935795194,49267.0,49168.0,98435.0,1881 Census,1
Seydişehir Kaza,42-1-11,Konya,42-1,Konya,42,8596.0,9304.0,46.0,47.0,,,,,,,,,,,,,,,,,,,17900.0,93,93,0,0.005195530726256984,0.0,0.0,0.005168676707608515,8642.0,9351.0,17993.0,1881 Census,0
Aksaray Kaza,42-5-1,Niğde,42-5,Konya,42,17279.0,20128.0,1118.0,1319.0,200.0,278.0,,,,,,,25.0,30.0,,,,,,,,,37407.0,2970,2970,478,0.07939690432272034,0.012778356992006844,0.011838422864502068,0.07355672784010699,18622.0,21755.0,40377.0,1881 Census,0
Bor Kaza,42-5-2,Niğde,42-5,Konya,42,9665.0,9351.0,469.0,520.0,247.0,261.0,,,,,,,10.0,12.0,,,,,,,,,19016.0,1519,1519,508,0.07988010096760623,0.026714345814051327,0.02473825176527879,0.07397126856586315,10391.0,10144.0,20535.0,1881 Census,0
Gülşehri (Arapsun) Kaza,42-5-3,Niğde,42-5,Konya,42,5380.0,5649.0,2019.0,1916.0,10.0,10.0,,,,,,,,,,,,,,,,,11029.0,3955,3955,20,0.358600054402031,0.0018134010336385892,0.0013347570742124934,0.26394821142552055,7409.0,7575.0,14984.0,1881 Census,0
Nevşehir Kaza,42-5-4,Niğde,42-5,Konya,42,14093.0,16277.0,4353.0,4565.0,192.0,285.0,,,,,,,9.0,12.0,,,,,,,,,30370.0,9416,9416,477,0.31004280540006585,0.0157062891010866,0.011978303450354076,0.23645221234493496,18666.0,21156.0,39822.0,1881 Census,0
Niğde Kaza,42-5-5,Niğde,42-5,Konya,42,17149.0,19719.0,7365.0,8360.0,370.0,473.0,,,,,,,,,,,,,,,,,36868.0,16568,16568,843,0.4493870022783986,0.022865357491591624,0.015775881428250618,0.3100531476906954,24884.0,28552.0,53436.0,1881 Census,1
Ulukışla (Hamidiye) Kaza,42-5-6,Niğde,42-5,Konya,42,3551.0,4300.0,631.0,700.0,,,,,,,,,,,,,,,,,,,7851.0,1331,1331,0,0.1695325436250159,0.0,0.0,0.1449575255935526,4182.0,5000.0,9182.0,1881 Census,0
Ürgüp Kaza,42-5-7,Niğde,42-5,Konya,42,9956.0,9924.0,1636.0,1498.0,9.0,7.0,,,19.0,17.0,,,,,,,,,,,,,19880.0,3186,3186,16,0.160261569416499,0.0008048289738430583,0.0006947459834997829,0.13834129396439426,11601.0,11429.0,23030.0,1881 Census,0
Akseki Kaza,42-3-1,Teke,42-3,Konya,42,13545.0,13838.0,,7.0,,,,,,,,,,,,,,,,,,,27383.0,7,7,0,0.0002556330570061717,0.0,0.0,0.0002555677254472435,13545.0,13845.0,27390.0,1881 Census,0
Alanya (Alaiye) Kaza,42-3-2,Teke,42-3,Konya,42,17699.0,19261.0,439.0,515.0,,,,,,,,,,,,,,,,,,,36960.0,954,954,0,0.025811688311688313,0.0,0.0,0.025162209210318087,18138.0,19776.0,37914.0,1881 Census,0
Antalya Kaza,42-3-3,Teke,42-3,Konya,42,37494.0,35468.0,2072.0,1987.0,26.0,23.0,,,,,104.0,112.0,,,,,,,,,,,72962.0,4108,4324,49,0.05630328116005592,0.0006715824675858666,0.0006340087467329141,0.053153223093445126,39696.0,37590.0,77286.0,1881 Census,1
Elmalı Kaza,42-3-4,Teke,42-3,Konya,42,11752.0,11846.0,104.0,105.0,118.0,128.0,,,,,,,,,,,,,,,,,23598.0,455,455,246,0.01928129502500212,0.010424612255275871,0.010227414459734753,0.018916559264956553,11974.0,12079.0,24053.0,1881 Census,0
Kaş Kaza,42-3-5,Teke,42-3,Konya,42,8716.0,8766.0,2.0,5.0,,,,,,,,,,,,,,,,,,,17482.0,7,7,0,0.00040041185219082484,0.0,0.0,0.0004002515867116473,8718.0,8771.0,17489.0,1881 Census,0
Ayvacik Kaza,17-3,Biga,17,,17,7668.0,8634.0,612.0,1059.0,,,,,,,,3.0,,,,,,,,,8.0,22.0,16302.0,1671,1674,0,0.10250276039749724,0.0,0.0,0.09280239920026657,8288.0,9718.0,18006.0,1881 Census,0
Biga Kaza,17-4,Biga,17,,17,16735.0,19807.0,1447.0,1713.0,144.0,136.0,,,,,,,,,,,,,,,,,36542.0,3440,3440,280,0.09413825187455531,0.007662415850254502,0.007003151418138162,0.08603871742284028,18326.0,21656.0,39982.0,1881 Census,0
Çanakkale Kaza,17-1,Biga,17,,17,4093.0,4225.0,2532.0,2407.0,432.0,532.0,,,,,766.0,729.0,19.0,27.0,,,,,,,125.0,167.0,8318.0,5949,7444,964,0.7151959605674441,0.11589324356816542,0.06004734022673477,0.3705618537436153,7967.0,8087.0,16054.0,1881 Census,1
Ezine Kaza,17-2,Biga,17,,17,13826.0,14693.0,2094.0,2332.0,195.0,274.0,,,,,114.0,126.0,,,,,,,,,,,28519.0,4895,5135,469,0.17163995932536205,0.016445176899610787,0.01393593629286266,0.14545076365365187,16229.0,17425.0,33654.0,1881 Census,0
Lâpseki Kaza,17-5,Biga,17,,17,4707.0,5080.0,335.0,570.0,8.0,20.0,180.0,222.0,,,,17.0,,,,,,,,,,,9787.0,1335,1352,28,0.13640543578216,0.0028609379789516706,0.002513690636502379,0.11984917856180986,5230.0,5909.0,11139.0,1881 Census,0
Büyükçekmece Kaza,59-1,Catalca Special,59,,59,2071.0,2596.0,7522.0,8540.0,11.0,13.0,657.0,765.0,,,,1.0,,,,,,,,,,,4667.0,17508,17509,24,3.7514463252624815,0.005142489822155561,0.0010822510822510823,0.7895021645021645,10261.0,11915.0,22176.0,1881 Census,0
Çatalca Central Kaza,59-2,Catalca Special,59,,59,3093.0,3510.0,4907.0,5438.0,,,604.0,756.0,,,,,,,,,,,1.0,4.0,,,6603.0,11705,11705,0,1.7726790852642738,0.0,0.0,0.6391634358106263,8605.0,9708.0,18313.0,1881 Census,1
Silivri Kaza,59-3,Catalca Special,59,,59,1690.0,2131.0,4526.0,4915.0,436.0,439.0,1368.0,1436.0,,,444.0,521.0,,,,,,,219.0,208.0,,,3821.0,13120,14085,875,3.4336561109657158,0.22899764459565558,0.047728140511645666,0.7156493754431899,8683.0,9650.0,18333.0,1881 Census,0
Adapazarı Kaza,41-2,Izmit (Special) Sancak,41,,41,18991.0,21327.0,1307.0,1210.0,5432.0,5270.0,,,,,3.0,3.0,152.0,162.0,,,,,,,27.0,40.0,40318.0,13533,13539,10702,0.3356565305818741,0.2654397539560494,0.19846450560047474,0.2509643201542912,25912.0,28012.0,53924.0,1881 Census,0
Geyve Kaza,41-4,Izmit (Special) Sancak,41,,41,11528.0,10605.0,2223.0,2291.0,2818.0,3055.0,,,,,,,36.0,43.0,,,,,,,,1.0,22133.0,10466,10466,5873,0.47286856729770027,0.2653503817828582,0.18014784822551455,0.32103309714425937,16605.0,15996.0,32601.0,1881 Census,0
İzmit Central Kaza,41-1,Izmit (Special) Sancak,41,,41,9285.0,9963.0,1696.0,1880.0,7826.0,8011.0,5.0,8.0,63.0,70.0,78.0,84.0,333.0,382.0,,,,,,,51.0,54.0,19248.0,20274,20436,15837,1.0533042394014962,0.822786783042394,0.39802457965769433,0.5095378119580789,19337.0,20452.0,39789.0,1881 Census,1
Kandira Kaza,41-3,Izmit (Special) Sancak,41,,41,21011.0,19675.0,990.0,1098.0,626.0,633.0,,,,,,,,,,,,,,,,,40686.0,3347,3347,1259,0.08226416949319176,0.030944305166396305,0.02859219221947176,0.07601117343810324,22627.0,21406.0,44033.0,1881 Census,0
Karamürsel Kaza,41-5,Izmit (Special) Sancak,41,,41,4960.0,5772.0,5136.0,5887.0,1607.0,1942.0,,,,,,,,,,,,,,,,18.0,10732.0,14572,14572,3549,1.3578084234066343,0.33069325382035036,0.14015480609746467,0.5754679725140194,11703.0,13619.0,25322.0,1881 Census,0
Amasya Central Kaza ,58-2-1,Amasya,58-2,Sivas,58,18335.0,18835.0,678.0,736.0,3030.0,3134.0,,,10.0,13.0,,,64.0,66.0,,,,,,,5.0,20.0,37170.0,7731,7731,6164,0.2079903147699758,0.16583266074791497,0.1372034011485554,0.1720829809019276,22122.0,22804.0,44926.0,1881 Census,1
Gümüşhacıköy Kaza,58-2-2,Amasya,58-2,Sivas,58,9938.0,10309.0,1045.0,1104.0,1286.0,1314.0,,,,,,,70.0,80.0,,,,,,,,,20247.0,4899,4899,2600,0.24196177211438732,0.12841408603743765,0.10339616638829237,0.19482223812932475,12339.0,12807.0,25146.0,1881 Census,0
Havza Kaza,58-2-3,Amasya,58-2,Sivas,58,6723.0,6907.0,1863.0,1766.0,39.0,55.0,,,,,,,,,,,,,,,,,13630.0,3723,3723,94,0.2731474688187821,0.006896551724137931,0.005416306539902046,0.21452031114952463,8625.0,8728.0,17355.0,1881 Census,0
Lâdik Kaza,58-2-4,Amasya,58-2,Sivas,58,5477.0,5879.0,1000.0,994.0,85.0,94.0,,,,,,,,,,,,,,,,,11356.0,2173,2173,179,0.19135258893976753,0.015762592462134555,0.01323083746027053,0.1606179318500998,6562.0,6967.0,13529.0,1881 Census,0
Mecitözü Kaza,58-2-5,Amasya,58-2,Sivas,58,15992.0,15547.0,80.0,72.0,63.0,69.0,,,,,,,51.0,54.0,,,,,,,,,31539.0,389,389,132,0.012333935762072356,0.004185294397412727,0.004134302179904786,0.012183663242295164,16186.0,15742.0,31928.0,1881 Census,0
Merzifon Kaza,58-2-6,Amasya,58-2,Sivas,58,9171.0,9615.0,74.0,89.0,2528.0,2789.0,,,140.0,139.0,,,258.0,301.0,,,,,,,,,18786.0,6318,6318,5317,0.3363142765889492,0.2830299158948153,0.21179047998406691,0.25166301533559055,12717.0,12934.0,25105.0,1881 Census,0
Osmancik Kaza,58-2-7,Amasya,58-2,Sivas,58,8594.0,8997.0,,3.0,26.0,19.0,,,,,,,,,,,,,,,,,17591.0,48,48,45,0.002728668068898869,0.0025581263145926895,0.0025511650320312945,0.0027212427008333805,8620.0,9019.0,17639.0,1881 Census,0
Vesirköprü (Köprü) Kaza,58-2-8,Amasya,58-2,Sivas,58,13284.0,16142.0,928.0,932.0,487.0,507.0,,,,,,,119.0,95.0,,,,,,,,,29426.0,3068,3068,994,0.10426153741589071,0.03377965064908584,0.03059026281775097,0.09441743091032191,14818.0,17676.0,32494.0,1881 Census,0
Alucra Kaza,58-3-1,Karahişar-ı Şarki (Şebinkarahisar),58-3,Sivas,58,10765.0,11391.0,202.0,206.0,,,,,,,,,,,,,,,,,,,22156.0,408,408,0,0.018414876331467774,0.0,0.0,0.01808190037227442,10967.0,11597.0,22564.0,1881 Census,0
Karahişar-ı Şarki Central Kaza,58-3-2,Karahişar-ı Şarki (Şebinkarahisar),58-3,Sivas,58,9500.0,9921.0,3814.0,4698.0,3491.0,3627.0,,,,,,,,,,,,,,,,,19421.0,15630,15630,7118,0.8047989289943875,0.3665104783481798,0.2030755185301418,0.4459216570140652,16805.0,18346.0,35051.0,1881 Census,1
Koyulhisar Kaza,58-3-3,Karahişar-ı Şarki (Şebinkarahisar),58-3,Sivas,58,7791.0,8576.0,279.0,314.0,24.0,25.0,,,,,,,,,,,,,,,,,16367.0,642,642,49,0.03922527036109244,0.002993829046251604,0.0028808277970486214,0.03774472338173908,8094.0,8915.0,17009.0,1881 Census,0
Mesudiye Kaza,58-3-4,Karahişar-ı Şarki (Şebinkarahisar),58-3,Sivas,58,12224.0,14998.0,1479.0,1658.0,86.0,132.0,,,,,,,,,,,,,,,,,27222.0,3355,3355,218,0.12324590404819631,0.008008228638601131,0.007129541812473428,0.10972299440756124,13789.0,16783.0,30577.0,1881 Census,0
Suşehri Kaza,58-3-5,Karahişar-ı Şarki (Şebinkarahisar),58-3,Sivas,58,8086.0,9423.0,578.0,801.0,4440.0,5271.0,,,,,,,,,,,,,,,,,17509.0,11090,11090,9711,0.6333885430350106,0.5546290479182134,0.339557327179272,0.387775796356516,13104.0,15495.0,28599.0,1881 Census,0
Darende Kaza,58-1-1,Sivas,58-1,Sivas,58,7923.0,8678.0,,,1113.0,1163.0,,,,,,,27.0,26.0,,,,,,,,,16601.0,2329,2329,2276,0.14029275344858744,0.1371001746882718,0.1202324352879028,0.12303222398309561,9063.0,9867.0,18930.0,1881 Census,0
Divriği Kaza,58-1-2,Sivas,58-1,Sivas,58,12158.0,13020.0,,,3853.0,4133.0,,,,,,,,,,,,,,,,,25178.0,7986,7986,7986,0.31718166653427593,0.31718166653427593,0.24080328066578216,0.24080328066578216,16011.0,17153.0,33164.0,1881 Census,0
Aziziye (Pınarbaşı),58-1-3,Sivas,58-1,Sivas,58,27389.0,34153.0,304.0,313.0,1493.0,1548.0,,,,,,,20.0,27.0,,,,,,,,,61542.0,3705,3705,3041,0.060202788339670466,0.04941340872899808,0.04861943818248677,0.05923545493788671,29206.0,33341.0,62547.0,1881 Census,0
Gürün Kaza,58-1-4,Sivas,58-1,Sivas,58,5671.0,5980.0,,3.0,3006.0,3152.0,,,178.0,169.0,,,240.0,256.0,,,,,,,,,11651.0,7004,7004,6158,0.6011501158698824,0.528538322890739,0.33009916912355936,0.3754489413025998,9095.0,9560.0,18655.0,1881 Census,0
Hafik Kaza,58-1-5,Sivas,58-1,Sivas,58,16448.0,16061.0,,,5526.0,5369.0,,,,,,,,,,,,,,,,,32509.0,10895,10895,10895,0.33513796179519517,0.33513796179519517,0.2510137314533223,0.2510137314533223,21974.0,21430.0,43404.0,1881 Census,0
Sarkişla Kaza,58-1-6,Sivas,58-1,Sivas,58,14666.0,16253.0,,,5669.0,6288.0,,,,,,,,,,,,,,,,,30919.0,11957,11957,11957,0.3867201397199133,0.3867201397199133,0.2788739621233324,0.2788739621233324,20335.0,22541.0,42876.0,1881 Census,0
Sivas Central Kaza,58-1-7,Sivas,58-1,Sivas,58,31934.0,33762.0,290.0,252.0,9990.0,10456.0,,,808.0,874.0,,,44.0,55.0,,,,,,,,,65696.0,22769,22769,20446,0.3465812226010716,0.31122138334145155,0.23111965183971062,0.2573786243147007,43066.0,45399.0,88465.0,1881 Census,1
Yildizeli,58-1-8,Sivas,58-1,Sivas,58,15627.0,17070.0,11.0,14.0,421.0,468.0,,,,,,,,,,,,,,,,,32697.0,914,914,889,0.027953634890051076,0.027189038749732393,0.026449674213799054,0.027193478325548182,16059.0,17552.0,33611.0,1881 Census,0
Zara (Koçgiri),58-1-9,Sivas,58-1,Sivas,58,16711.0,18849.0,1297.0,1350.0,1940.0,2149.0,,,,,,,37.0,30.0,,,,,,,,,35560.0,6803,6803,4089,0.19131046119235096,0.11498875140607424,0.09652290914241202,0.1605882491797087,19985.0,22378.0,42363.0,1881 Census,0
Erbaa Kaza,58-4-1,Tokat,58-4,Sivas,58,17329.0,18346.0,1843.0,1855.0,790.0,851.0,,,,,,,,,,,,,46.0,65.0,,,35675.0,5339,5339,1641,0.14965662228451296,0.04599859845830413,0.039902735562310034,0.12982370820668693,20008.0,21117.0,41125.0,1881 Census,0
Niksar Kaza,58-4-2,Tokat,58-4,Sivas,58,7571.0,8863.0,946.0,1081.0,826.0,1002.0,,,,,,,,,,,,,,,,,16434.0,3855,3855,1828,0.23457466228550566,0.11123281002799075,0.090098082704914,0.19000443590122726,9343.0,10946.0,20289.0,1881 Census,0
Tokat Central Kaza,58-4-3,Tokat,58-4,Sivas,58,30818.0,34526.0,1079.0,1088.0,4277.0,4921.0,,,370.0,351.0,104.0,105.0,16.0,21.0,,,,,129.0,141.0,20.0,20.0,65344.0,12123,12332,9198,0.18552583251714005,0.14076273261508326,0.11794424640320057,0.15545097838073502,36813.0,41173.0,77986.0,1881 Census,1
Zile Kaza,58-4-4,Tokat,58-4,Sivas,58,23011.0,25447.0,26.0,23.0,964.0,1054.0,,,,,,,,,,,,,,,,,48458.0,2067,2067,2018,0.0426554954806224,0.04164431053695984,0.03994062345373577,0.04091044037605146,24001.0,26524.0,50525.0,1881 Census,0
Bafra Kaza,61-2-1,Canik,61-2,Trabzon,61,19200.0,19736.0,11068.0,11766.0,466.0,546.0,,,,,,,,,,,,,,,2.0,7.0,38936.0,23846,23846,1012,0.6124409287035134,0.025991370454078486,0.003449075020789879,0.08127138631003504,140742.0,152670.0,293412.0,1881 Census,0
Canik Central Kaza,61-2-2,Canik,61-2,Trabzon,61,15502.0,17917.0,15297.0,17628.0,454.0,709.0,,,41.0,23.0,,5.0,25.0,23.0,,,,,,,,,33419.0,34200,34205,1163,1.0233699392561117,0.034800562554235616,0.01909593944469074,0.5615486921826511,29044.0,31859.0,60903.0,1881 Census,1
Çarşamba Kaza,61-2-3,Canik,61-2,Trabzon,61,22684.0,24913.0,1497.0,1617.0,4670.0,5105.0,,,,,,,193.0,224.0,,,,,,,,,47597.0,13306,13306,9775,0.27955543416601886,0.20537008634998005,0.19303684979659544,0.26276709190726333,24791.0,25847.0,50638.0,1881 Census,0
Fatsa Kaza,61-2-4,Canik,61-2,Trabzon,61,13739.0,14156.0,706.0,946.0,354.0,448.0,,,,,,,,,,,,,,,,,27895.0,2454,2454,802,0.08797275497400968,0.028750672163470156,0.03799687307528308,0.1162647462926991,10053.0,11054.0,21107.0,1881 Census,0
Terme Kaza,61-2-5,Canik,61-2,Trabzon,61,9085.0,9953.0,205.0,223.0,763.0,878.0,,,,,,,,,,,,,,,,,19038.0,2069,2069,1641,0.10867738207794936,0.0861960289946423,0.02613806505049218,0.032955305660858206,30734.0,32048.0,62782.0,1881 Census,0
Ünya Kaza,61-2-6,Canik,61-2,Trabzon,61,21348.0,21960.0,1781.0,1914.0,1662.0,1973.0,,,,,,,,,,,,,,,2.0,7.0,43308.0,7330,7330,3635,0.16925279394107323,0.08393368430774914,0.11973779563871138,0.24145200606100534,14801.0,15557.0,30358.0,1881 Census,0
Gümüşhane Central Kaza,61-4-1,Gümüşhane,61-4,Trabzon,61,10200.0,11756.0,2666.0,2793.0,514.0,638.0,,,,,,,,,,,,,,,,,21956.0,6611,6611,1152,0.30110220440881763,0.05246857351065768,0.04032625056883817,0.23142087023488642,13880.0,15187.0,28567.0,1881 Census,1
Kelkit Kaza,61-4-2,Gümüşhane,61-4,Trabzon,61,11059.0,12191.0,163.0,141.0,58.0,55.0,,,,,,,,,,,,,,,,,23250.0,417,417,113,0.01793548387096774,0.004860215053763441,0.0047745806397093,0.01761947014830777,11280.0,12387.0,23667.0,1881 Census,0
Şiran Kaza,61-4-3,Gümüşhane,61-4,Trabzon,61,7115.0,7406.0,834.0,892.0,100.0,121.0,,,,,,,,,,,,,,,,,14521.0,1947,1947,221,0.13408167481578404,0.01521933751119069,0.013419965994656302,0.11822929317464173,8049.0,8419.0,16468.0,1881 Census,0
Torul Kaza,61-4-4,Gümüşhane,61-4,Trabzon,61,9001.0,10457.0,8000.0,8679.0,,,,,,,,,,,,,,,,,,,19458.0,16679,16679,0,0.8571795662452462,0.0,0.0,0.4615491047956388,17001.0,19136.0,36137.0,1881 Census,0
Hopa Kaza,61-3-1,Lâzistan,61-3,Trabzon,61,15046.0,14305.0,,52.0,2.0,5.0,,,,,,,,,,,,,,,,,29351.0,59,59,7,0.002010152976048516,0.00023849272597185786,0.0002380142808568514,0.0020061203672220333,15048.0,14362.0,29410.0,1881 Census,0
Pazar(atina) Kaza,61-3-2,Lâzistan,61-3,Trabzon,61,17246.0,16192.0,,,20.0,22.0,,,,,,,,,,,,,,,,,33438.0,42,42,42,0.001256055984209582,0.001256055984209582,0.0012544802867383513,0.0012544802867383513,17266.0,16214.0,33480.0,1881 Census,0
Rize Kaza,61-3-3,Lâzistan,61-3,Trabzon,61,31595.0,41154.0,308.0,333.0,,,,,,,,,,,,,,,,,,,72749.0,641,641,0,0.00881111767859352,0.0,0.0,0.008734159967297997,31903.0,41487.0,73390.0,1881 Census,1
Akçaabat Kaza,61-1-1,Trabzon,61-1,Trabzon,61,19062.0,19742.0,1838.0,1997.0,1367.0,1591.0,,,,,,,,,,,,,,,,,38804.0,6793,6793,2958,0.17505927223997525,0.07622925471600867,0.0648726889926969,0.14897909950216023,22267.0,23330.0,45597.0,1881 Census,0
Giresun Kaza,61-1-2,Trabzon,61-1,Trabzon,61,27877.0,28907.0,5118.0,6251.0,610.0,629.0,,,,,,,,,,,,,,,,,56784.0,12608,12608,1239,0.22203437588052974,0.021819526627218935,0.017855084159557298,0.18169241411113674,33605.0,35787.0,69392.0,1881 Census,0
Görele Kaza,61-1-3,Trabzon,61-1,Trabzon,61,14584.0,14889.0,331.0,377.0,99.0,82.0,,,,,,,,,,,,,,,,,29473.0,889,889,181,0.030163200217147898,0.006141213992467682,0.0059613991173177,0.029280021078980305,15014.0,15348.0,30362.0,1881 Census,0
Of Kaza,61-1-4,Trabzon,61-1,Trabzon,61,30163.0,29697.0,351.0,446.0,,,,,,,,,,,,,,,,,,,59860.0,797,797,0,0.013314400267290345,0.0,0.0,0.013139456286990784,30514.0,30143.0,60657.0,1881 Census,0
Ordu Kaza,61-1-5,Trabzon,61-1,Trabzon,61,39596.0,40175.0,4702.0,5696.0,3586.0,3966.0,,,,,,,146.0,142.0,,,,,,,,,79771.0,18238,18238,7552,0.22862945180579408,0.09467099572526357,0.07705414808844085,0.18608495138201595,48030.0,49979.0,98009.0,1881 Census,0
Sürmene Kaza,61-1-6,Trabzon,61-1,Trabzon,61,15003.0,20926.0,2339.0,2624.0,71.0,107.0,,,,,,,,,,,,,,,,,35929.0,5141,5141,178,0.14308775640847227,0.004954215257869687,0.004334063793523253,0.1251765278792306,17413.0,23657.0,41070.0,1881 Census,0
Tirebolu Kaza,61-1-7,Trabzon,61-1,Trabzon,61,16622.0,17607.0,2659.0,3213.0,232.0,281.0,,,,,,,,,,,,,,,,,34229.0,6385,6385,513,0.18653773116363317,0.014987291477986503,0.012631112424287192,0.15721179888708328,19513.0,21101.0,40614.0,1881 Census,0
Trabzon Central Kaza,61-1-8,Trabzon,61-1,Trabzon,61,37091.0,42038.0,13027.0,14561.0,4440.0,5106.0,,,588.0,621.0,,,41.0,51.0,,,,,,,,,79129.0,38435,38435,9546,0.4857258400839136,0.12063845113675138,0.08119832601816883,0.3269283113878398,55187.0,62377.0,117564.0,1881 Census,1
Vakfıkebir Kaza,61-1-9,Trabzon,61-1,Trabzon,61,9080.0,9305.0,,,29.0,27.0,,,,,,,,,,,,,,,,,18385.0,56,56,56,0.003045961381561055,0.003045961381561055,0.003036711675071851,0.003036711675071851,9109.0,9332.0,18441.0,1881 Census,0
Albak Kaza,65-2-1,Hakkâri,65-2,Van,65,9342.0,12429.0,,,,,,,,,,,,,,,,,,,,,21771.0,0,0,0,0.0,0.0,0.0,0.0,,,21771.0,1315 Salname,0
Beytussebap,65-2-2,Hakkâri,65-2,Van,65,11565.0,16963.0,,,3552.0,5585.0,,,,,,,,,,,,,,,,,28528.0,9137,9137,9137,0.32028182837913627,0.32028182837913627,0.242585955130758,0.242585955130758,,,37665.0,1315 Salname,0
Çölemerik,65-2-3,Hakkâri,65-2,Van,65,7000.0,8902.0,,,,,,,,,,,,,,,,,,,,,15902.0,0,0,0,0.0,0.0,0.0,0.0,,,15902.0,1315 Salname,1
Gevar Kaza,65-2-4,Hakkâri,65-2,Van,65,7488.0,9188.0,,,2232.0,3960.0,,,,,,,,,,,,,,,,,16676.0,6192,6192,6192,0.37131206524346366,0.37131206524346366,0.2707713835927934,0.2707713835927934,,,22868.0,1315 Salname,0
Hamidiye (Van) Kaza,65-2-5,Hakkâri,65-2,Van,65,2930.0,4220.0,,,670.0,566.0,,,,,,,,,,,,,,,,,7150.0,1236,1236,1236,0.17286713286713287,0.17286713286713287,0.14738850465060815,0.14738850465060815,,,8386.0,1315 Salname,0
Semdinyan,65-2-6,Hakkâri,65-2,Van,65,6328.0,8219.0,,,996.0,1037.0,,,,,,,,,,,,,,,,,14547.0,2033,2033,2033,0.139753901148003,0.139753901148003,0.12261761158021713,0.12261761158021713,,,16580.0,1315 Salname,0
Adilcevaz Kaza,65-1-1,Van,65-1,Van,65,2963.0,3266.0,,,1661.0,2379.0,,,,,,,,,,,,,,,,,6229.0,4040,4040,4040,0.648579226200032,0.648579226200032,0.39341708053364494,0.39341708053364494,4624.0,5645.0,10269.0,1881 Census,0
Çatak (Şitak) Kaza,65-1-2,Van,65-1,Van,65,2188.0,2664.0,,,1715.0,2078.0,,,,,,,,,,,,,,,,,4852.0,3793,3793,3793,0.7817394888705689,0.7817394888705689,0.4387507229612493,0.4387507229612493,3903.0,4742.0,8645.0,1881 Census,0
Erciş Kaza,65-1-3,Van,65-1,Van,65,3836.0,3899.0,,,1418.0,2293.0,,,,,,,,,,,,,,,,,7735.0,3711,3711,3711,0.47976729153199743,0.47976729153199743,0.3242180674471431,0.3242180674471431,5254.0,6192.0,11446.0,1881 Census,0
Gevaş Kaza,65-1-4,Van,65-1,Van,65,1864.0,2564.0,,,2023.0,2779.0,,,,,,,,,,,,,,,,,4428.0,4802,4802,4802,1.0844625112917796,1.0844625112917796,0.5202600216684724,0.5202600216684724,3887.0,5343.0,9230.0,1881 Census,0
Kariçkan Kaza,65-1-5,Van,65-1,Van,65,2618.0,3575.0,,,1748.0,2618.0,,,,,,,,,,,,,,,,,6193.0,4366,4366,4366,0.7049895042790247,0.7049895042790247,0.41348612558007386,0.41348612558007386,4366.0,6193.0,10559.0,1881 Census,0
Mekri Kaza,65-1-6,Van,65-1,Van,65,1576.0,1972.0,,,2152.0,2082.0,,,,,,,,,,,,,,,,,3548.0,4234,4234,4234,1.193348365276212,1.193348365276212,0.5440760729889489,0.5440760729889489,3728.0,4054.0,7782.0,1881 Census,0
Muradiye (Bargiri) Kaza,65-1-7,Van,65-1,Van,65,1805.0,1696.0,,,619.0,764.0,,,,,,,,,,,,,,,,,3501.0,1383,1383,1383,0.3950299914310197,0.3950299914310197,0.2831695331695332,0.2831695331695332,2424.0,2460.0,4884.0,1881 Census,0
Van Central Kaza,65-1-8,Van,65-1,Van,65,8324.0,9772.0,,,14052.0,19001.0,,,,,,,,,,,,,,,,,18096.0,33053,33053,33053,1.8265362511052166,1.8265362511052166,0.6462100920839117,0.6462100920839117,22376.0,28743.0,51149.0,1881 Census,1
